SectionID,Latitude,Longitude,OHEMas
DPH-DURG,22.0545,82.1394,722/MID 
DPH-DURG,22.0546,82.1395,722/1A  
DPH-DURG,22.0541,82.1392,722/3A  
DPH-DURG,22.0537,82.1389,722/5A  
DPH-DURG,22.0532,82.1386,722/7A/1
DPH-DURG,22.0528,82.1383,722/7A  
DPH-DURG,22.0522,82.1379,722/9A  
DPH-DURG,22.0518,82.1376,722/9A/1
DPH-DURG,22.0514,82.1373,722/11A 
DPH-DURG,22.0509,82.1369,722/13A 
DPH-DURG,22.0505,82.1366,722/15A 
DPH-DURG,22.0501,82.1362,722/17A 
DPH-DURG,22.0496,82.1358,722/19A 
DPH-DURG,22.0492,82.1355,722/21A 
DPH-DURG,22.0487,82.1352,722/23A 
DPH-DURG,22.0483,82.1348,722/25A 
DPH-DURG,22.0478,82.1345,722/27A 
DPH-DURG,22.0473,82.1341,722/29A 
DPH-DURG,22.0469,82.1338,723/1A  
DPH-DURG,22.0464,82.1335,723/3A/1
DPH-DURG,22.0459,82.1331,723/3A  
DPH-DURG,22.0455,82.1328,723/5A  
DPH-DURG,22.0452,82.1325,723/7AN 
DPH-DURG,22.0448,82.1323,723/7AN/
DPH-DURG,22.0444,82.1320,723/9AN 
DPH-DURG,22.0441,82.1317,723/11A 
DPH-DURG,22.0436,82.1314,723/13A 
DPH-DURG,22.0431,82.1310,723/15A/
DPH-DURG,22.0426,82.1307,723/15A 
DPH-DURG,22.0421,82.1303,723/17A 
DPH-DURG,22.0417,82.1300,723/19A 
DPH-DURG,22.0412,82.1296,723/21A 
DPH-DURG,22.0407,82.1293,723/23A 
DPH-DURG,22.0403,82.1290,723/25A 
DPH-DURG,22.0398,82.1286,723/27A 
DPH-DURG,22.0394,82.1283,724/1   
DPH-DURG,22.0389,82.1280,724/1A/1
DPH-DURG,22.0384,82.1277,724/3A  
DPH-DURG,22.0380,82.1274,724/5A  
DPH-DURG,22.0377,82.1273,724/7A  
DPH-DURG,22.0374,82.1271,724/7A/1
DPH-DURG,22.0371,82.1269,724/9A  
DPH-DURG,22.0368,82.1268,724/11  
DPH-DURG,22.0363,82.1266,724/11A/
DPH-DURG,22.0359,82.1264,724/13A 
DPH-DURG,22.0355,82.1262,724/15A 
DPH-DURG,22.0350,82.1260,724/19A 
DPH-DURG,22.0345,82.1258,724/19A/
DPH-DURG,22.0341,82.1256,724/21A 
DPH-DURG,22.0337,82.1255,724/21A/
DPH-DURG,22.0332,82.1253,724/23A 
DPH-DURG,22.0327,82.1251,724/27A 
DPH-DURG,22.0324,82.1249,724/29  
DPH-DURG,22.0319,82.1247,724/31N 
DPH-DURG,22.0313,82.1245,725/1   
DPH-DURG,22.0307,82.1242,725/3   
DPH-DURG,22.0301,82.1240,725/5   
DPH-DURG,22.0295,82.1237,725/7   
DPH-DURG,22.0289,82.1234,725/9   
DPH-DURG,22.0283,82.1232,725/11  
DPH-DURG,22.0277,82.1229,725/13  
DPH-DURG,22.0271,82.1227,725/15  
DPH-DURG,22.0266,82.1224,725/17  
DPH-DURG,22.0263,82.1223,725/19  
DPH-DURG,22.0258,82.1221,725/21  
DPH-DURG,22.0253,82.1219,725/23A 
DPH-DURG,22.0247,82.1216,725/25A 
DPH-DURG,22.0242,82.1214,725/29  
DPH-DURG,22.0239,82.1213,725/31  
DPH-DURG,22.0234,82.1210,725/33  
DPH-DURG,22.0229,82.1209,726/1A/1
DPH-DURG,22.0226,82.1207,726/3A/1
DPH-DURG,22.0223,82.1206,726/3A/2
DPH-DURG,22.0219,82.1204,726/5A  
DPH-DURG,22.0215,82.1202,726/5A/1
DPH-DURG,22.0210,82.1201,726/7   
DPH-DURG,22.0204,82.1198,726/9   
DPH-DURG,22.0198,82.1196,726/11  
DPH-DURG,22.0192,82.1193,726/13  
DPH-DURG,22.0186,82.1190,726/15  
DPH-DURG,22.0180,82.1188,726/17  
DPH-DURG,22.0174,82.1185,726/19  
DPH-DURG,22.0168,82.1183,726/21  
DPH-DURG,22.0162,82.1180,726/23  
DPH-DURG,22.0156,82.1178,726/25  
DPH-DURG,22.0150,82.1175,726/27  
DPH-DURG,22.0145,82.1173,727/1   
DPH-DURG,22.0139,82.1170,727/3   
DPH-DURG,22.0132,82.1168,727/5   
DPH-DURG,22.0126,82.1165,727/7   
DPH-DURG,22.0120,82.1162,727/9   
DPH-DURG,22.0114,82.1160,727/11  
DPH-DURG,22.0108,82.1157,727/13  
DPH-DURG,22.0102,82.1155,727/15  
DPH-DURG,22.0096,82.1152,727/17  
DPH-DURG,22.0090,82.1149,727/19  
DPH-DURG,22.0084,82.1147,727/21  
DPH-DURG,22.0078,82.1145,727/23  
DPH-DURG,22.0073,82.1143,727/25  
DPH-DURG,22.0068,82.1140,727/27  
DPH-DURG,22.0063,82.1138,728/1   
DPH-DURG,22.0057,82.1135,728/3   
DPH-DURG,22.0052,82.1133,728/5   
DPH-DURG,22.0048,82.1130,728/7N  
DPH-DURG,22.0044,82.1128,728/7N/1
DPH-DURG,22.0040,82.1126,728/9   
DPH-DURG,22.0037,82.1124,728/11  
DPH-DURG,22.0033,82.1121,728/13  
DPH-DURG,22.0029,82.1117,728/15  
DPH-DURG,22.0025,82.1114,728/17  
DPH-DURG,22.0020,82.1110,728/19  
DPH-DURG,22.0015,82.1106,728/21  
DPH-DURG,22.0011,82.1102,728/23  
DPH-DURG,22.0006,82.1098,728/25  
DPH-DURG,22.0001,82.1094,728/27  
DPH-DURG,21.9996,82.1090,728/29  
DPH-DURG,21.9991,82.1085,728/31  
DPH-DURG,21.9987,82.1082,729/1   
DPH-DURG,21.9981,82.1077,729/3   
DPH-DURG,21.9976,82.1073,729/5   
DPH-DURG,21.9971,82.1069,729/7   
DPH-DURG,21.9966,82.1064,729/9   
DPH-DURG,21.9961,82.1060,729/11  
DPH-DURG,21.9956,82.1056,729/13  
DPH-DURG,21.9951,82.1051,729/15  
DPH-DURG,21.9946,82.1047,729/17  
DPH-DURG,21.9941,82.1043,729/19  
DPH-DURG,21.9935,82.1038,729/21  
DPH-DURG,21.9930,82.1034,729/23  
DPH-DURG,21.9925,82.1030,729/25  
DPH-DURG,21.9921,82.1026,729/27  
DPH-DURG,21.9916,82.1022,730/1   
DPH-DURG,21.9910,82.1018,730/3   
DPH-DURG,21.9905,82.1013,730/5   
DPH-DURG,21.9900,82.1009,730/7   
DPH-DURG,21.9895,82.1005,730/9   
DPH-DURG,21.9890,82.1000,730/11  
DPH-DURG,21.9885,82.0996,730/13  
DPH-DURG,21.9880,82.0992,730/15  
DPH-DURG,21.9875,82.0987,730/17  
DPH-DURG,21.9870,82.0983,730/19  
DPH-DURG,21.9865,82.0979,730/21  
DPH-DURG,21.9860,82.0974,730/23  
DPH-DURG,21.9855,82.0971,730/25  
DPH-DURG,21.9850,82.0966,730/27  
DPH-DURG,21.9845,82.0962,731/1   
DPH-DURG,21.9840,82.0958,731/3   
DPH-DURG,21.9835,82.0953,731/5   
DPH-DURG,21.9905,82.1013,730/5   
DPH-DURG,21.9900,82.1009,730/7   
DPH-DURG,21.9895,82.1005,730/9   
DPH-DURG,21.9890,82.1001,730/11  
DPH-DURG,21.9885,82.0996,730/13  
DPH-DURG,21.9880,82.0992,730/15  
DPH-DURG,21.9875,82.0987,730/17  
DPH-DURG,21.9870,82.0983,730/19  
DPH-DURG,21.9864,82.0979,730/21  
DPH-DURG,21.9859,82.0975,730/23  
DPH-DURG,21.9855,82.0971,730/25  
DPH-DURG,21.9850,82.0966,730/27  
DPH-DURG,21.9845,82.0962,731/1   
DPH-DURG,21.9840,82.0958,731/3   
DPH-DURG,21.9834,82.0953,731/5   
DPH-DURG,21.9829,82.0949,731/7   
DPH-DURG,21.9824,82.0945,731/9   
DPH-DURG,21.9819,82.0940,731/11  
DPH-DURG,21.9814,82.0936,731/13  
DPH-DURG,21.9809,82.0932,731/15  
DPH-DURG,21.9804,82.0927,731/17  
DPH-DURG,21.9799,82.0923,731/19  
DPH-DURG,21.9794,82.0919,731/21  
DPH-DURG,21.9788,82.0914,731/23  
DPH-DURG,21.9783,82.0910,732/25  
DPH-DURG,21.9778,82.0906,731/27  
DPH-DURG,21.9773,82.0902,732/1   
DPH-DURG,21.9768,82.0898,732/3   
DPH-DURG,21.9763,82.0893,732/5   
DPH-DURG,21.9758,82.0889,732/7   
DPH-DURG,21.9753,82.0884,732/9   
DPH-DURG,21.9748,82.0880,732/11  
DPH-DURG,21.9747,82.0879,710/C9  
DPH-DURG,21.9743,82.0876,732/13  
DPH-DURG,21.9738,82.0872,732/15  
DPH-DURG,21.9733,82.0868,732/17  
DPH-DURG,21.9728,82.0863,732/19  
DPH-DURG,21.9723,82.0859,732/21  
DPH-DURG,21.9717,82.0855,732/23  
DPH-DURG,21.9713,82.0850,732/25  
DPH-DURG,21.9708,82.0847,732/27  
DPH-DURG,21.9703,82.0843,732/29  
DPH-DURG,21.9700,82.0840,732/31  
DPH-DURG,21.9697,82.0837,732/31A 
DPH-DURG,21.9693,82.0834,733/1A  
DPH-DURG,21.9688,82.0830,733/3A  
DPH-DURG,21.9685,82.0827,733/5A  
DPH-DURG,21.9681,82.0824,733/7A  
DPH-DURG,21.9676,82.0820,733/9A  
DPH-DURG,21.9673,82.0817,733/11A1
DPH-DURG,21.9670,82.0815,733/11A 
DPH-DURG,21.9667,82.0812,733/13A 
DPH-DURG,21.9663,82.0808,733/15A1
DPH-DURG,21.9659,82.0805,733/15A 
DPH-DURG,21.9656,82.0802,733/17A 
DPH-DURG,21.9652,82.0799,733/19A 
DPH-DURG,21.9648,82.0796,733/21A 
DPH-DURG,21.9644,82.0792,733/25A/
DPH-DURG,21.9640,82.0789,733/25A 
DPH-DURG,21.9636,82.0785,733/27A 
DPH-DURG,21.9632,82.0782,734/1   
DPH-DURG,21.9627,82.0778,734/3   
DPH-DURG,21.9622,82.0774,734/5   
DPH-DURG,21.9618,82.0770,734/7   
DPH-DURG,21.9614,82.0767,734/9   
DPH-DURG,21.9610,82.0764,734/11  
DPH-DURG,21.9606,82.0760,734/13  
DPH-DURG,21.9602,82.0756,734/15  
DPH-DURG,21.9597,82.0753,734/17  
DPH-DURG,21.9593,82.0749,734/19  
DPH-DURG,21.9591,82.0747,734/21  
DPH-DURG,21.9587,82.0744,734/23  
DPH-DURG,21.9584,82.0742,734/25  
DPH-DURG,21.9581,82.0739,734/27  
DPH-DURG,21.9576,82.0735,734/29  
DPH-DURG,21.9573,82.0732,734/31  
DPH-DURG,21.9569,82.0729,734/33  
DPH-DURG,21.9565,82.0726,734/35A 
DPH-DURG,21.9561,82.0723,735/1A/1
DPH-DURG,21.9557,82.0721,735/1A  
DPH-DURG,21.9554,82.0719,735/3A  
DPH-DURG,21.9550,82.0716,735/5A  
DPH-DURG,21.9545,82.0714,735/7   
DPH-DURG,21.9541,82.0712,735/9   
DPH-DURG,21.9536,82.0710,735/11  
DPH-DURG,21.9531,82.0709,735/13  
DPH-DURG,21.9526,82.0707,735/15  
DPH-DURG,21.9521,82.0707,735/17  
DPH-DURG,21.9516,82.0706,735/19  
DPH-DURG,21.9510,82.0705,735/21  
DPH-DURG,21.9504,82.0705,735/23  
DPH-DURG,21.9498,82.0705,735/25  
DPH-DURG,21.9491,82.0705,735/27  
DPH-DURG,21.9485,82.0704,735/29  
DPH-DURG,21.9478,82.0705,735/31  
DPH-DURG,21.9472,82.0704,736/1   
DPH-DURG,21.9466,82.0704,736/3   
DPH-DURG,21.9460,82.0704,736/5   
DPH-DURG,21.9453,82.0703,736/7   
DPH-DURG,21.9447,82.0703,736/9   
DPH-DURG,21.9441,82.0703,736/11  
DPH-DURG,21.9434,82.0703,736/13  
DPH-DURG,21.9427,82.0702,736/15  
DPH-DURG,21.9421,82.0702,736/17  
DPH-DURG,21.9415,82.0702,736/19  
DPH-DURG,21.9408,82.0702,736/21  
DPH-DURG,21.9401,82.0702,736/23  
DPH-DURG,21.9395,82.0702,736/25  
DPH-DURG,21.9389,82.0701,736/27  
DPH-DURG,21.9383,82.0701,737/1   
DPH-DURG,21.9376,82.0701,737/3   
DPH-DURG,21.9370,82.0700,737/5   
DPH-DURG,21.9363,82.0700,737/7   
DPH-DURG,21.9357,82.0700,737/9   
DPH-DURG,21.9350,82.0700,737/11  
DPH-DURG,21.9344,82.0700,737/13  
DPH-DURG,21.9338,82.0699,737/15  
DPH-DURG,21.9331,82.0699,737/17  
DPH-DURG,21.9324,82.0699,737/19  
DPH-DURG,21.9318,82.0699,737/21  
DPH-DURG,21.9311,82.0699,737/23  
DPH-DURG,21.9305,82.0698,737/25  
DPH-DURG,21.9298,82.0698,737/27  
DPH-DURG,21.9292,82.0698,738/1   
DPH-DURG,21.9285,82.0698,738/3   
DPH-DURG,21.9279,82.0698,738/5   
DPH-DURG,21.9272,82.0697,738/7   
DPH-DURG,21.9266,82.0697,738/9   
DPH-DURG,21.9259,82.0697,738/11  
DPH-DURG,21.9253,82.0697,738/13  
DPH-DURG,21.9246,82.0696,738/15  
DPH-DURG,21.9240,82.0696,738/17  
DPH-DURG,21.9233,82.0696,738/19  
DPH-DURG,21.9227,82.0696,738/21  
DPH-DURG,21.9220,82.0696,738/23  
DPH-DURG,21.9214,82.0695,738/25  
DPH-DURG,21.9207,82.0695,738/27  
DPH-DURG,21.9201,82.0695,739/1   
DPH-DURG,21.9194,82.0695,739/3   
DPH-DURG,21.9188,82.0695,739/5   
DPH-DURG,21.9181,82.0694,739/7   
DPH-DURG,21.9175,82.0694,739/9   
DPH-DURG,21.9168,82.0694,739/11  
DPH-DURG,21.9162,82.0694,739/13  
DPH-DURG,21.9155,82.0693,739/15  
DPH-DURG,21.9150,82.0693,739/17N 
DPH-DURG,21.9149,82.0693,739/17  
DPH-DURG,21.9146,82.0693,739/17N1
DPH-DURG,21.9142,82.0693,739/19  
DPH-DURG,21.9141,82.0693,739/19N 
DPH-DURG,21.9136,82.0693,739/21N 
DPH-DURG,21.9136,82.0693,739/21  
DPH-DURG,21.9131,82.0693,739/23  
DPH-DURG,21.9126,82.0693,739/25  
DPH-DURG,21.9123,82.0692,739/27  
DPH-DURG,21.9117,82.0692,739/29  
DPH-DURG,21.9112,82.0693,740/3N  
DPH-DURG,21.9109,82.0692,740/3N/1
DPH-DURG,21.9103,82.0692,740/3N/2
DPH-DURG,21.9103,82.0692,740/3   
DPH-DURG,21.9098,82.0692,740/5   
DPH-DURG,21.9091,82.0692,740/7   
DPH-DURG,21.9085,82.0692,740/9   
DPH-DURG,21.9078,82.0691,740/11  
DPH-DURG,21.9072,82.0691,740/13  
DPH-DURG,21.9065,82.0690,740/15  
DPH-DURG,21.9059,82.0690,740/17  
DPH-DURG,21.9052,82.0690,740/19  
DPH-DURG,21.9046,82.0690,740/21  
DPH-DURG,21.9041,82.0690,740/23N 
DPH-DURG,21.9036,82.0689,740/25N 
DPH-DURG,21.9031,82.0689,740/27N 
DPH-DURG,21.9026,82.0689,740/29N 
DPH-DURG,21.9022,82.0689,740/31N 
DPH-DURG,21.9017,82.0689,740/33  
DPH-DURG,21.9011,82.0689,741/1A  
DPH-DURG,21.9006,82.0689,741/3N  
DPH-DURG,21.9002,82.0689,741/5A  
DPH-DURG,21.8997,82.0689,741/7A  
DPH-DURG,21.8993,82.0690,741/9A  
DPH-DURG,21.8987,82.0691,741/9A/1
DPH-DURG,21.8982,82.0691,741/9A/2
DPH-DURG,21.8976,82.0692,741/11A 
DPH-DURG,21.8971,82.0693,741/13A 
DPH-DURG,21.8965,82.0694,741/15A 
DPH-DURG,21.8960,82.0694,741/17A 
DPH-DURG,21.8955,82.0695,741/19A 
DPH-DURG,21.8949,82.0696,741/21A 
DPH-DURG,21.8944,82.0697,741/21A/
DPH-DURG,21.8939,82.0698,741/23A/
DPH-DURG,21.8933,82.0698,742/1A/1
DPH-DURG,21.8928,82.0699,742/1A  
DPH-DURG,21.8922,82.0700,742/3A  
DPH-DURG,21.8916,82.0701,742/5A  
DPH-DURG,21.8911,82.0702,742/7A  
DPH-DURG,21.8905,82.0702,742/9A  
DPH-DURG,21.8899,82.0703,742/11A 
DPH-DURG,21.8894,82.0704,742/13A 
DPH-DURG,21.8889,82.0705,742/13A/
DPH-DURG,21.8883,82.0706,742/15A 
DPH-DURG,21.8877,82.0706,742/17A 
DPH-DURG,21.8872,82.0707,742/19A 
DPH-DURG,21.8866,82.0708,742/21A 
DPH-DURG,21.8860,82.0709,742/23A 
DPH-DURG,21.8855,82.0710,742/25A 
DPH-DURG,21.8850,82.0710,742/25A/
DPH-DURG,21.8845,82.0711,742/27A 
DPH-DURG,21.8840,82.0712,743/1A  
DPH-DURG,21.8834,82.0713,743/3A  
DPH-DURG,21.8828,82.0713,743/5A  
DPH-DURG,21.8823,82.0714,743/7A  
DPH-DURG,21.8817,82.0715,743/9A  
DPH-DURG,21.8811,82.0716,743/11A 
DPH-DURG,21.8806,82.0716,743/13A 
DPH-DURG,21.8801,82.0717,743/15A 
DPH-DURG,21.8797,82.0717,743/17A 
DPH-DURG,21.8792,82.0717,743/17A/
DPH-DURG,21.8788,82.0718,743/19A 
DPH-DURG,21.8783,82.0717,743/21A 
DPH-DURG,21.8779,82.0717,743/23A 
DPH-DURG,21.8775,82.0717,743/25A 
DPH-DURG,21.8770,82.0717,743/25A/
DPH-DURG,21.8765,82.0717,743/27A 
DPH-DURG,21.8761,82.0716,743/29A 
DPH-DURG,21.8756,82.0716,743/31A 
DPH-DURG,21.8751,82.0715,744/1A  
DPH-DURG,21.8746,82.0714,744/3A  
DPH-DURG,21.8741,82.0713,744/3A/1
DPH-DURG,21.8737,82.0712,744/7A  
DPH-DURG,21.8733,82.0712,744/9A  
DPH-DURG,21.8729,82.0711,744/13A 
DPH-DURG,21.8724,82.0710,744/15A 
DPH-DURG,21.8719,82.0709,744/17A 
DPH-DURG,21.8715,82.0708,744/19A 
DPH-DURG,21.8711,82.0707,744/21A 
DPH-DURG,21.8707,82.0706,744/23A 
DPH-DURG,21.8702,82.0705,744/25A 
DPH-DURG,21.8698,82.0704,744/27A 
DPH-DURG,21.8694,82.0703,744/29A 
DPH-DURG,21.8689,82.0703,744/31A 
DPH-DURG,21.8685,82.0701,744/33A 
DPH-DURG,21.8681,82.0701,744/35A 
DPH-DURG,21.8676,82.0699,744/37A 
DPH-DURG,21.8672,82.0699,744/39A 
DPH-DURG,21.8667,82.0697,745/1N  
DPH-DURG,21.8663,82.0697,745/1A/1
DPH-DURG,21.8659,82.0696,745/1A  
DPH-DURG,21.8656,82.0695,745/3A  
DPH-DURG,21.8651,82.0694,745/3A/1
DPH-DURG,21.8648,82.0693,745/5A  
DPH-DURG,21.8644,82.0692,745/7A  
DPH-DURG,21.8641,82.0691,745/9A  
DPH-DURG,21.8637,82.0690,745/11A 
DPH-DURG,21.8634,82.0688,745/13A 
DPH-DURG,21.8630,82.0686,745/15A 
DPH-DURG,21.8627,82.0685,745/15A/
DPH-DURG,21.8623,82.0682,745/17A 
DPH-DURG,21.8619,82.0679,745/19A 
DPH-DURG,21.8615,82.0677,745/21A 
DPH-DURG,21.8610,82.0673,745/23A 
DPH-DURG,21.8605,82.0670,745/25A 
DPH-DURG,21.8600,82.0666,745/27A 
DPH-DURG,21.8596,82.0663,745/29A 
DPH-DURG,21.8591,82.0660,745/29A/
DPH-DURG,21.8586,82.0657,745/31A 
DPH-DURG,21.8582,82.0654,745/1A  
DPH-DURG,21.8577,82.0651,746/1A/1
DPH-DURG,21.8572,82.0647,746/3A  
DPH-DURG,21.8568,82.0644,746/5A  
DPH-DURG,21.8563,82.0641,746/5A/1
DPH-DURG,21.8558,82.0638,746/7A  
DPH-DURG,21.8554,82.0634,746/9A  
DPH-DURG,21.8549,82.0631,746/11A 
DPH-DURG,21.8544,82.0628,746/13A 
DPH-DURG,21.8539,82.0625,746/15A 
DPH-DURG,21.8535,82.0622,746/17A 
DPH-DURG,21.8531,82.0619,746/19A 
DPH-DURG,21.8527,82.0616,746/19A/
DPH-DURG,21.8523,82.0614,746/21  
DPH-DURG,21.8519,82.0611,746/23  
DPH-DURG,21.8515,82.0608,746/23N 
DPH-DURG,21.8511,82.0606,746/25N 
DPH-DURG,21.8506,82.0603,746/27N 
DPH-DURG,21.8501,82.0600,747/3N  
DPH-DURG,21.8497,82.0597,747/3N/1
DPH-DURG,21.8492,82.0593,747/5   
DPH-DURG,21.8486,82.0590,747/7   
DPH-DURG,21.8481,82.0586,747/9   
DPH-DURG,21.8475,82.0583,747/11  
DPH-DURG,21.8470,82.0579,747/13  
DPH-DURG,21.8465,82.0576,747/13N 
DPH-DURG,21.8462,82.0574,747/15N 
DPH-DURG,21.8458,82.0572,747/17N 
DPH-DURG,21.8453,82.0569,747/17/1
DPH-DURG,21.8449,82.0566,747/19N 
DPH-DURG,21.8446,82.0564,747/21N 
DPH-DURG,21.8442,82.0561,747/23N 
DPH-DURG,21.8437,82.0558,747/25  
DPH-DURG,21.8431,82.0554,747/27N 
DPH-DURG,21.8426,82.0551,748/1   
DPH-DURG,21.8420,82.0547,748/3   
DPH-DURG,21.8415,82.0544,748/5   
DPH-DURG,21.8409,82.0540,748/7   
DPH-DURG,21.8404,82.0536,748/9   
DPH-DURG,21.8398,82.0533,748/11  
DPH-DURG,21.8393,82.0529,748/13  
DPH-DURG,21.8387,82.0526,748/15  
DPH-DURG,21.8382,82.0522,748/17  
DPH-DURG,21.8376,82.0518,748/19  
DPH-DURG,21.8370,82.0515,748/21  
DPH-DURG,21.8365,82.0511,748/23  
DPH-DURG,21.8359,82.0508,748/25  
DPH-DURG,21.8354,82.0504,748/27  
DPH-DURG,21.8348,82.0501,748/29  
DPH-DURG,21.8343,82.0498,749/1   
DPH-DURG,21.8338,82.0494,749/3   
DPH-DURG,21.8332,82.0490,749/5   
DPH-DURG,21.8327,82.0487,749/7   
DPH-DURG,21.8323,82.0484,749/9   
DPH-DURG,21.8319,82.0482,749/9/1 
DPH-DURG,21.8316,82.0480,749/11  
DPH-DURG,21.8311,82.0477,749/13  
DPH-DURG,21.8306,82.0474,749/15  
DPH-DURG,21.8303,82.0471,749/17N 
DPH-DURG,21.8297,82.0468,749/19  
DPH-DURG,21.8292,82.0465,749/21  
DPH-DURG,21.8288,82.0462,749/23  
DPH-DURG,21.8283,82.0459,749/25  
DPH-DURG,21.8279,82.0456,749/27  
DPH-DURG,21.8273,82.0452,749/29  
DPH-DURG,21.8268,82.0448,750/1   
DPH-DURG,21.8265,82.0446,750/3   
DPH-DURG,21.8260,82.0444,750/5   
DPH-DURG,21.8254,82.0442,750/7   
DPH-DURG,21.8250,82.0437,750/9   
DPH-DURG,21.8246,82.0435,750/11N 
DPH-DURG,21.8241,82.0432,750/13N 
DPH-DURG,21.8238,82.0430,750/15N 
DPH-DURG,21.8234,82.0427,750/17N 
DPH-DURG,21.8232,82.0425,750/19  
DPH-DURG,21.8227,82.0422,750/21  
DPH-DURG,21.8222,82.0419,750/23  
DPH-DURG,21.8209,82.0433,750/25
DPH-DURG,21.8213,82.0414,750/27  
DPH-DURG,21.8209,82.0411,750/29N 
DPH-DURG,21.8205,82.0408,750/31N 
DPH-DURG,21.8201,82.0406,750/33N 
DPH-DURG,21.8197,82.0403,750/33  
DPH-DURG,21.8192,82.0400,751/1N  
DPH-DURG,21.8186,82.0396,751/3   
DPH-DURG,21.8181,82.0393,751/5   
DPH-DURG,21.8175,82.0389,751/7   
DPH-DURG,21.8170,82.0385,753/9   
DPH-DURG,21.8164,82.0382,751/11  
DPH-DURG,21.8158,82.0378,751/13  
DPH-DURG,21.8153,82.0375,751/15  
DPH-DURG,21.8147,82.0371,751/17  
DPH-DURG,21.8142,82.0367,751/19  
DPH-DURG,21.8136,82.0364,751/21  
DPH-DURG,21.8131,82.0360,751/23  
DPH-DURG,21.8125,82.0356,751/25  
DPH-DURG,21.8119,82.0353,751/27  
DPH-DURG,21.8115,82.0350,752/1   
DPH-DURG,21.8109,82.0346,752/3   
DPH-DURG,21.8103,82.0343,752/5   
DPH-DURG,21.8098,82.0339,752/7   
DPH-DURG,21.8092,82.0336,752/9   
DPH-DURG,21.8087,82.0332,752/11  
DPH-DURG,21.8081,82.0328,752/13  
DPH-DURG,21.8076,82.0325,752/15  
DPH-DURG,21.8070,82.0321,752/17  
DPH-DURG,21.8064,82.0317,752/19  
DPH-DURG,21.8059,82.0314,752/21  
DPH-DURG,21.8053,82.0310,752/23  
DPH-DURG,21.8048,82.0307,752/25  
DPH-DURG,21.8042,82.0303,752/27  
DPH-DURG,21.8036,82.0299,753/1   
DPH-DURG,21.8032,82.0296,753/3   
DPH-DURG,21.8028,82.0294,753/5   
DPH-DURG,21.8025,82.0291,753/7   
DPH-DURG,21.8021,82.0288,753/9   
DPH-DURG,21.8018,82.0285,753/11  
DPH-DURG,21.8015,82.0281,753/13  
DPH-DURG,21.8012,82.0278,753/15  
DPH-DURG,21.8009,82.0274,753/17  
DPH-DURG,21.8007,82.0270,753/19  
DPH-DURG,21.8004,82.0266,753/21  
DPH-DURG,21.8002,82.0262,753/23  
DPH-DURG,21.7999,82.0258,753/25  
DPH-DURG,21.7996,82.0253,753/27  
DPH-DURG,21.7992,82.0247,753/29  
DPH-DURG,21.7989,82.0241,753/31  
DPH-DURG,21.7985,82.0235,753/33  
DPH-DURG,21.7982,82.0230,753/35  
DPH-DURG,21.7978,82.0225,754/1   
DPH-DURG,21.7975,82.0219,754/3   
DPH-DURG,21.7971,82.0213,754/5   
DPH-DURG,21.7967,82.0207,754/7   
DPH-DURG,21.7964,82.0201,754/9   
DPH-DURG,21.7960,82.0196,754/11  
DPH-DURG,21.7957,82.0190,754/13  
DPH-DURG,21.7953,82.0184,754/15  
DPH-DURG,21.7949,82.0178,754/17  
DPH-DURG,21.7946,82.0173,754/19  
DPH-DURG,21.7942,82.0167,754/21  
DPH-DURG,21.7939,82.0161,754/23  
DPH-DURG,21.7935,82.0155,754/25  
DPH-DURG,21.7932,82.0150,754/27  
DPH-DURG,21.7928,82.0145,755/1   
DPH-DURG,21.7925,82.0139,755/3   
DPH-DURG,21.7921,82.0133,755/5   
DPH-DURG,21.7917,82.0127,755/7   
DPH-DURG,21.7914,82.0121,755/9   
DPH-DURG,21.7910,82.0115,755/11  
DPH-DURG,21.7907,82.0110,755/13  
DPH-DURG,21.7903,82.0104,755/15  
DPH-DURG,21.7900,82.0098,755/17  
DPH-DURG,21.7896,82.0092,755/19  
DPH-DURG,21.7892,82.0086,755/21  
DPH-DURG,21.7889,82.0081,755/23  
DPH-DURG,21.7885,82.0075,755/25  
DPH-DURG,21.7882,82.0069,755/27  
DPH-DURG,21.7878,82.0064,756/1   
DPH-DURG,21.7875,82.0058,756/3   
DPH-DURG,21.7871,82.0053,756/5   
DPH-DURG,21.7868,82.0047,756/7   
DPH-DURG,21.7864,82.0041,756/9   
DPH-DURG,21.7860,82.0035,756/11  
DPH-DURG,21.7857,82.0029,756/13  
DPH-DURG,21.7853,82.0023,756/15  
DPH-DURG,21.7849,82.0018,756/17  
DPH-DURG,21.7847,82.0014,756/19  
DPH-DURG,21.7845,82.0011,756/21  
DPH-DURG,21.7842,82.0006,756/23  
DPH-DURG,21.7840,82.0004,756/25  
DPH-DURG,21.7838,81.9999,757/27  
DPH-DURG,21.7835,81.9995,756/29  
DPH-DURG,21.7831,81.9989,756/31  
DPH-DURG,21.7828,81.9984,757/1   
DPH-DURG,21.7824,81.9978,757/3   
DPH-DURG,21.7821,81.9972,757/5   
DPH-DURG,21.7817,81.9966,757/7   
DPH-DURG,21.7814,81.9961,757/9   
DPH-DURG,21.7811,81.9956,757/11  
DPH-DURG,21.7807,81.9950,757/13  
DPH-DURG,21.7804,81.9945,757/15  
DPH-DURG,21.7801,81.9940,757/17  
DPH-DURG,21.7798,81.9936,757/19  
DPH-DURG,21.7794,81.9931,757/21  
DPH-DURG,21.7791,81.9926,757/23  
DPH-DURG,21.7787,81.9921,757/25  
DPH-DURG,21.7783,81.9917,757/27  
DPH-DURG,21.7779,81.9913,757/29  
DPH-DURG,21.7775,81.9909,758/1   
DPH-DURG,21.7771,81.9904,758/3   
DPH-DURG,21.7766,81.9900,758/5   
DPH-DURG,21.7762,81.9896,758/7   
DPH-DURG,21.7758,81.9891,758/9   
DPH-DURG,21.7753,81.9887,758/11  
DPH-DURG,21.7748,81.9882,758/13  
DPH-DURG,21.7743,81.9877,758/15  
DPH-DURG,21.7738,81.9872,758/17  
DPH-DURG,21.7734,81.9868,758/19  
DPH-DURG,21.7729,81.9863,758/21  
DPH-DURG,21.7724,81.9858,758/23  
DPH-DURG,21.7720,81.9854,758/25  
DPH-DURG,21.7715,81.9849,758/27  
DPH-DURG,21.7710,81.9845,759/1   
DPH-DURG,21.7706,81.9840,759/3   
DPH-DURG,21.7701,81.9835,759/5   
DPH-DURG,21.7696,81.9830,759/7   
DPH-DURG,21.7691,81.9826,759/9   
DPH-DURG,21.7687,81.9821,759/11  
DPH-DURG,21.7682,81.9816,759/13  
DPH-DURG,21.7677,81.9811,759/15  
DPH-DURG,21.7672,81.9807,769/17  
DPH-DURG,21.7668,81.9802,759/19  
DPH-DURG,21.7663,81.9797,759/21  
DPH-DURG,21.7658,81.9792,759/23  
DPH-DURG,21.7653,81.9788,759/25  
DPH-DURG,21.7649,81.9783,759/27  
DPH-DURG,21.7644,81.9779,760/1   
DPH-DURG,21.7640,81.9774,760/3   
DPH-DURG,21.7635,81.9769,760/5   
DPH-DURG,21.7630,81.9765,760/7   
DPH-DURG,21.7625,81.9760,760/9   
DPH-DURG,21.7621,81.9755,760/11  
DPH-DURG,21.7616,81.9750,760/13  
DPH-DURG,21.7611,81.9746,760/15  
DPH-DURG,21.7606,81.9741,760/17  
DPH-DURG,21.7602,81.9736,760/19  
DPH-DURG,21.7597,81.9731,760/21  
DPH-DURG,21.7592,81.9727,760/23  
DPH-DURG,21.7587,81.9722,760/25  
DPH-DURG,21.7583,81.9717,760/27  
DPH-DURG,21.7578,81.9713,761/1   
DPH-DURG,21.7574,81.9708,761/3   
DPH-DURG,21.7569,81.9703,761/5   
DPH-DURG,21.7564,81.9699,761/7   
DPH-DURG,21.7559,81.9694,761/9   
DPH-DURG,21.7554,81.9689,761/11  
DPH-DURG,21.7550,81.9685,761/13  
DPH-DURG,21.7545,81.9680,761/15  
DPH-DURG,21.7541,81.9676,761/17  
DPH-DURG,21.7535,81.9670,761/19  
DPH-DURG,21.7531,81.9665,761/21  
DPH-DURG,21.7526,81.9661,761/23  
DPH-DURG,21.7521,81.9656,761/25  
DPH-DURG,21.7516,81.9651,761/27  
DPH-DURG,21.7512,81.9647,762/1   
DPH-DURG,21.7507,81.9642,762/3   
DPH-DURG,21.7503,81.9638,762/5   
DPH-DURG,21.7498,81.9633,762/7   
DPH-DURG,21.7493,81.9628,762/9   
DPH-DURG,21.7488,81.9623,762/11  
DPH-DURG,21.7484,81.9619,762/13  
DPH-DURG,21.7479,81.9614,762/15  
DPH-DURG,21.7474,81.9609,762/17  
DPH-DURG,21.7469,81.9604,763/19  
DPH-DURG,21.7465,81.9600,762/21  
DPH-DURG,21.7460,81.9595,762/23  
DPH-DURG,21.7455,81.9590,762/25  
DPH-DURG,21.7450,81.9586,762/27  
DPH-DURG,21.7446,81.9581,763/1   
DPH-DURG,21.7441,81.9577,763/3   
DPH-DURG,21.7436,81.9572,763/5   
DPH-DURG,21.7432,81.9567,763/7   
DPH-DURG,21.7427,81.9562,763/9   
DPH-DURG,21.7422,81.9558,763/11  
DPH-DURG,21.7417,81.9553,763/13  
DPH-DURG,21.7413,81.9548,763/15  
DPH-DURG,21.7409,81.9544,763/17N 
DPH-DURG,21.7405,81.9540,763/17  
DPH-DURG,21.7401,81.9537,763/19  
DPH-DURG,21.7398,81.9533,763/21  
DPH-DURG,21.7394,81.9529,763/23  
DPH-DURG,21.7391,81.9527,763/25  
DPH-DURG,21.7388,81.9523,763/27  
DPH-DURG,21.7384,81.9520,763/29  
DPH-DURG,21.7380,81.9515,764/1   
DPH-DURG,21.7376,81.9512,764/3   
DPH-DURG,21.7373,81.9508,764/5   
DPH-DURG,21.7370,81.9505,764/7   
DPH-DURG,21.7366,81.9502,764/7/1 
DPH-DURG,21.7363,81.9499,764/9   
DPH-DURG,21.7359,81.9495,764/11N 
DPH-DURG,21.7356,81.9492,764/13  
DPH-DURG,21.7352,81.9487,764/15  
DPH-DURG,21.7348,81.9484,764/17N 
DPH-DURG,21.7344,81.9479,764/21N 
DPH-DURG,21.7341,81.9476,764/23  
DPH-DURG,21.7337,81.9473,764/25  
DPH-DURG,21.7334,81.9469,764/27  
DPH-DURG,21.7331,81.9467,764/29  
DPH-DURG,21.7328,81.9464,764/31  
DPH-DURG,21.7324,81.9459,764/33  
DPH-DURG,21.7319,81.9454,764/35  
DPH-DURG,21.7314,81.9450,764/37  
DPH-DURG,21.7309,81.9445,765/1   
DPH-DURG,21.7305,81.9441,765/3   
DPH-DURG,21.7301,81.9437,765/5   
DPH-DURG,21.7297,81.9433,765/7N  
DPH-DURG,21.7293,81.9428,765/9   
DPH-DURG,21.7290,81.9425,765/9/1 
DPH-DURG,21.7288,81.9424,765/11  
DPH-DURG,21.7284,81.9420,765/13N 
DPH-DURG,21.7279,81.9415,765/17N 
DPH-DURG,21.7275,81.9411,765/19N 
DPH-DURG,21.7271,81.9407,765/19N/
DPH-DURG,21.7268,81.9404,765/21N 
DPH-DURG,21.7264,81.9400,766/23N 
DPH-DURG,21.7260,81.9396,765/25N 
DPH-DURG,21.7256,81.9392,765/27  
DPH-DURG,21.7252,81.9388,765/29  
DPH-DURG,21.7247,81.9383,766/1   
DPH-DURG,21.7242,81.9378,766/3   
DPH-DURG,21.7237,81.9373,766/5   
DPH-DURG,21.7233,81.9369,766/7   
DPH-DURG,21.7228,81.9364,766/9   
DPH-DURG,21.7223,81.9359,766/11  
DPH-DURG,21.7219,81.9355,766/11N 
DPH-DURG,21.7216,81.9352,766/13N 
DPH-DURG,21.7212,81.9348,766/15N 
DPH-DURG,21.7209,81.9345,766/15N/
DPH-DURG,21.7205,81.9342,766/17N 
DPH-DURG,21.7202,81.9338,766/19N 
DPH-DURG,21.7198,81.9335,766/21N 
DPH-DURG,21.7195,81.9331,766/23  
DPH-DURG,21.7190,81.9326,766/25  
DPH-DURG,21.7185,81.9321,766/27  
DPH-DURG,21.7180,81.9317,766/29  
DPH-DURG,21.7176,81.9312,766/31  
DPH-DURG,21.7172,81.9308,767/1   
DPH-DURG,21.7167,81.9303,767/3   
DPH-DURG,21.7162,81.9299,767/5   
DPH-DURG,21.7157,81.9294,767/7   
DPH-DURG,21.7152,81.9289,767/9   
DPH-DURG,21.7148,81.9284,767/11  
DPH-DURG,21.7143,81.9279,767/13  
DPH-DURG,21.7138,81.9275,767/15  
DPH-DURG,21.7133,81.9270,767/17  
DPH-DURG,21.7129,81.9265,767/19  
DPH-DURG,21.7124,81.9260,767/21  
DPH-DURG,21.7119,81.9256,767/23  
DPH-DURG,21.7115,81.9252,768/1   
DPH-DURG,21.7110,81.9247,768/3   
DPH-DURG,21.7105,81.9242,768/5   
DPH-DURG,21.7101,81.9237,768/7   
DPH-DURG,21.7096,81.9233,768/9   
DPH-DURG,21.7091,81.9228,768/11  
DPH-DURG,21.7086,81.9223,768/13  
DPH-DURG,21.7082,81.9218,768/15  
DPH-DURG,21.7077,81.9214,768/17  
DPH-DURG,21.7072,81.9209,768/19  
DPH-DURG,21.7067,81.9204,768/21  
DPH-DURG,21.7063,81.9200,768/23  
DPH-DURG,21.7058,81.9195,768/25  
DPH-DURG,21.7053,81.9190,768/27  
DPH-DURG,21.7049,81.9186,769/1   
DPH-DURG,21.7044,81.9181,769/3   
DPH-DURG,21.7039,81.9176,769/5   
DPH-DURG,21.7034,81.9172,769/7   
DPH-DURG,21.7030,81.9167,769/9   
DPH-DURG,21.7025,81.9162,769/11  
DPH-DURG,21.7020,81.9158,769/13  
DPH-DURG,21.7016,81.9153,769/15  
DPH-DURG,21.7011,81.9148,769/17  
DPH-DURG,21.7006,81.9143,769/19  
DPH-DURG,21.7001,81.9139,769/21  
DPH-DURG,21.6996,81.9134,769/23  
DPH-DURG,21.6992,81.9129,769/25  
DPH-DURG,21.6987,81.9124,769/27  
DPH-DURG,21.6983,81.9120,769/29  
DPH-DURG,21.6978,81.9115,770/1   
DPH-DURG,21.6973,81.9111,770/3   
DPH-DURG,21.6969,81.9106,770/5   
DPH-DURG,21.6965,81.9102,770/7   
DPH-DURG,21.6960,81.9097,770/9   
DPH-DURG,21.6955,81.9093,770/11  
DPH-DURG,21.6950,81.9088,770/13  
DPH-DURG,21.6946,81.9083,770/15  
DPH-DURG,21.6941,81.9078,770/17  
DPH-DURG,21.6936,81.9074,770/19  
DPH-DURG,21.6931,81.9069,770/21  
DPH-DURG,21.6926,81.9064,770/23  
DPH-DURG,21.6922,81.9060,770/25  
DPH-DURG,21.6917,81.9055,770/27  
DPH-DURG,21.6912,81.9050,771/1   
DPH-DURG,21.6908,81.9046,771/3   
DPH-DURG,21.6903,81.9041,771/5   
DPH-DURG,21.6898,81.9036,771/7   
DPH-DURG,21.6893,81.9031,771/9   
DPH-DURG,21.6889,81.9027,771/11  
DPH-DURG,21.6884,81.9022,771/13  
DPH-DURG,21.6879,81.9017,771/15  
DPH-DURG,21.6874,81.9012,771/17  
DPH-DURG,21.6870,81.9008,771/19  
DPH-DURG,21.6865,81.9003,771/21  
DPH-DURG,21.6860,81.8998,771/23  
DPH-DURG,21.6855,81.8993,771/25  
DPH-DURG,21.6851,81.8989,771/27  
DPH-DURG,21.6846,81.8984,772/1   
DPH-DURG,21.6842,81.8980,772/3   
DPH-DURG,21.6837,81.8975,772/5   
DPH-DURG,21.6832,81.8970,772/7   
DPH-DURG,21.6828,81.8965,772/9   
DPH-DURG,21.6822,81.8961,772/11  
DPH-DURG,21.6818,81.8956,772/13  
DPH-DURG,21.6813,81.8951,772/15  
DPH-DURG,21.6808,81.8947,772/17  
DPH-DURG,21.6804,81.8942,772/19  
DPH-DURG,21.6799,81.8937,772/21  
DPH-DURG,21.6794,81.8933,772/23  
DPH-DURG,21.6789,81.8928,772/25  
DPH-DURG,21.6785,81.8923,772/27  
DPH-DURG,21.6780,81.8919,773/1   
DPH-DURG,21.6776,81.8914,773/3   
DPH-DURG,21.6771,81.8909,773/5   
DPH-DURG,21.6766,81.8905,773/7   
DPH-DURG,21.6761,81.8900,773/9   
DPH-DURG,21.6757,81.8895,773/11  
DPH-DURG,21.6752,81.8891,773/13  
DPH-DURG,21.6748,81.8886,773/15  
DPH-DURG,21.6743,81.8881,773/17  
DPH-DURG,21.6738,81.8877,773/19  
DPH-DURG,21.6733,81.8872,773/21  
DPH-DURG,21.6728,81.8867,773/23  
DPH-DURG,21.6724,81.8863,773/25  
DPH-DURG,21.6719,81.8858,773/27  
DPH-DURG,21.6715,81.8853,774/1   
DPH-DURG,21.6710,81.8849,774/3   
DPH-DURG,21.6705,81.8844,774/5   
DPH-DURG,21.6700,81.8839,774/7   
DPH-DURG,21.6696,81.8835,774/9   
DPH-DURG,21.6691,81.8830,774/11  
DPH-DURG,21.6686,81.8825,774/13  
DPH-DURG,21.6681,81.8820,774/15  
DPH-DURG,21.6677,81.8816,774/17  
DPH-DURG,21.6672,81.8811,774/19  
DPH-DURG,21.6667,81.8806,774/21  
DPH-DURG,21.6662,81.8802,774/23  
DPH-DURG,21.6658,81.8797,774/25  
DPH-DURG,21.6653,81.8793,774/27  
DPH-DURG,21.6649,81.8788,775/1   
DPH-DURG,21.6644,81.8783,775/3   
DPH-DURG,21.6639,81.8779,775/5   
DPH-DURG,21.6634,81.8774,775/7   
DPH-DURG,21.6630,81.8769,775/9   
DPH-DURG,21.6625,81.8764,775/11  
DPH-DURG,21.6620,81.8760,775/13  
DPH-DURG,21.6615,81.8755,775/15  
DPH-DURG,21.6611,81.8750,775/17  
DPH-DURG,21.6606,81.8745,775/19  
DPH-DURG,21.6601,81.8741,775/21  
DPH-DURG,21.6596,81.8736,775/23  
DPH-DURG,21.6591,81.8731,775/25  
DPH-DURG,21.6587,81.8726,775/27  
DPH-DURG,21.6582,81.8722,776/1   
DPH-DURG,21.6578,81.8717,776/3   
DPH-DURG,21.6573,81.8713,776/5   
DPH-DURG,21.6568,81.8708,776/7   
DPH-DURG,21.6563,81.8703,776/9   
DPH-DURG,21.6559,81.8699,776/11  
DPH-DURG,21.6554,81.8694,776/13  
DPH-DURG,21.6549,81.8689,776/15  
DPH-DURG,21.6545,81.8684,776/17  
DPH-DURG,21.6540,81.8680,776/19  
DPH-DURG,21.6535,81.8675,776/21  
DPH-DURG,21.6530,81.8670,776/23  
DPH-DURG,21.6525,81.8666,776/25  
DPH-DURG,21.6521,81.8661,777/1   
DPH-DURG,21.6516,81.8656,777/3   
DPH-DURG,21.6511,81.8651,777/5   
DPH-DURG,21.6506,81.8646,777/7   
DPH-DURG,21.6501,81.8642,777/9   
DPH-DURG,21.6497,81.8638,777/11  
DPH-DURG,21.6493,81.8633,777/13  
DPH-DURG,21.6488,81.8628,777/15  
DPH-DURG,21.6484,81.8624,777/15N 
DPH-DURG,21.6480,81.8621,777/17N 
DPH-DURG,21.6477,81.8617,777/19N 
DPH-DURG,21.6473,81.8614,777/21N 
DPH-DURG,21.6469,81.8610,777/23  
DPH-DURG,21.6464,81.8605,777/25  
DPH-DURG,21.6460,81.8600,777/27  
DPH-DURG,21.6455,81.8595,778/3   
DPH-DURG,21.6450,81.8591,778/5   
DPH-DURG,21.6447,81.8587,778/5A  
DPH-DURG,21.6443,81.8584,778/7   
DPH-DURG,21.6439,81.8580,778/9   
DPH-DURG,21.6435,81.8576,778/11A 
DPH-DURG,21.6431,81.8572,778/11  
DPH-DURG,21.6427,81.8567,778/13  
DPH-DURG,21.6423,81.8564,778/13N 
DPH-DURG,21.6420,81.8561,778/15N 
DPH-DURG,21.6416,81.8557,778/17N 
DPH-DURG,21.6412,81.8553,778/19N 
DPH-DURG,21.6408,81.8549,778/21  
DPH-DURG,21.6403,81.8544,778/23  
DPH-DURG,21.6398,81.8539,778/25  
DPH-DURG,21.6394,81.8535,778/27  
DPH-DURG,21.6389,81.8530,779/1   
DPH-DURG,21.6385,81.8526,779/3   
DPH-DURG,21.6380,81.8521,779/5   
DPH-DURG,21.6375,81.8516,779/7   
DPH-DURG,21.6373,81.8514,779/7N  
DPH-DURG,21.6369,81.8510,779/9N  
DPH-DURG,21.6366,81.8507,779/11N 
DPH-DURG,21.6364,81.8506,779/13  
DPH-DURG,21.6361,81.8502,779/13/1
DPH-DURG,21.6357,81.8499,779/15  
DPH-DURG,21.6355,81.8496,779/17N 
DPH-DURG,21.6352,81.8493,779/17N/
DPH-DURG,21.6349,81.8491,779/19N 
DPH-DURG,21.6346,81.8487,779/23N 
DPH-DURG,21.6342,81.8483,779/27  
DPH-DURG,21.6338,81.8480,779/29  
DPH-DURG,21.6334,81.8476,779/31  
DPH-DURG,21.6330,81.8472,779/33  
DPH-DURG,21.6326,81.8466,779/35  
DPH-DURG,21.6321,81.8462,779/37  
DPH-DURG,21.6316,81.8457,780/1   
DPH-DURG,21.6311,81.8452,780/3   
DPH-DURG,21.6307,81.8448,780/5   
DPH-DURG,21.6302,81.8443,780/8N  
DPH-DURG,21.6300,81.8441,0780/7N 
DPH-DURG,21.6296,81.8437,780/9N  
DPH-DURG,21.6293,81.8434,780/11N 
DPH-DURG,21.6291,81.8432,780/13N 
DPH-DURG,21.6289,81.8430,780/15  
DPH-DURG,21.6286,81.8427,780/15N 
DPH-DURG,21.6284,81.8425,780/17N 
DPH-DURG,21.6281,81.8422,780/19N 
DPH-DURG,21.6279,81.8420,780/19/1
DPH-DURG,21.6275,81.8416,780/21  
DPH-DURG,21.6271,81.8413,780/21N/
DPH-DURG,21.6268,81.8410,780/23N 
DPH-DURG,21.6265,81.8406,780/25N 
DPH-DURG,21.6261,81.8403,780/27  
DPH-DURG,21.6257,81.8398,780/29  
DPH-DURG,21.6252,81.8394,781/1   
DPH-DURG,21.6248,81.8390,781/3   
DPH-DURG,21.6244,81.8386,781/5   
DPH-DURG,21.6239,81.8381,781/7   
DPH-DURG,21.6234,81.8376,781/9   
DPH-DURG,21.6229,81.8371,781/11  
DPH-DURG,21.6226,81.8367,781/13  
DPH-DURG,21.6221,81.8363,781/15  
DPH-DURG,21.6216,81.8358,781/17  
DPH-DURG,21.6211,81.8353,781/19  
DPH-DURG,21.6207,81.8348,781/21  
DPH-DURG,21.6202,81.8344,781/23  
DPH-DURG,21.6197,81.8339,781/25  
DPH-DURG,21.6193,81.8334,781/27  
DPH-DURG,21.6188,81.8330,782/1   
DPH-DURG,21.6183,81.8325,782/3   
DPH-DURG,21.6178,81.8320,782/5   
DPH-DURG,21.6174,81.8316,782/7   
DPH-DURG,21.6169,81.8311,782/9   
DPH-DURG,21.6165,81.8307,782/11  
DPH-DURG,21.6160,81.8302,782/13  
DPH-DURG,21.6155,81.8297,782/15  
DPH-DURG,21.6150,81.8293,782/17  
DPH-DURG,21.6146,81.8288,782/19  
DPH-DURG,21.6141,81.8283,782/21  
DPH-DURG,21.6136,81.8278,782/23  
DPH-DURG,21.6131,81.8274,782/25  
DPH-DURG,21.6127,81.8269,782/27  
DPH-DURG,21.6122,81.8265,782/29  
DPH-DURG,21.6118,81.8260,783/1   
DPH-DURG,21.6113,81.8255,783/3   
DPH-DURG,21.6108,81.8251,783/5   
DPH-DURG,21.6103,81.8246,783/7   
DPH-DURG,21.6098,81.8241,783/9   
DPH-DURG,21.6094,81.8236,783/11  
DPH-DURG,21.6089,81.8231,783/13  
DPH-DURG,21.6084,81.8227,783/15  
DPH-DURG,21.6079,81.8222,783/17  
DPH-DURG,21.6075,81.8217,783/19  
DPH-DURG,21.6070,81.8213,783/21  
DPH-DURG,21.6065,81.8208,783/23  
DPH-DURG,21.6060,81.8203,783/25  
DPH-DURG,21.6056,81.8199,783/27  
DPH-DURG,21.6051,81.8194,784/1   
DPH-DURG,21.6047,81.8190,784/3   
DPH-DURG,21.6042,81.8185,784/5   
DPH-DURG,21.6037,81.8180,784/7   
DPH-DURG,21.6033,81.8176,784/9   
DPH-DURG,21.6028,81.8171,784/11  
DPH-DURG,21.6023,81.8166,784/13  
DPH-DURG,21.6018,81.8162,784/15  
DPH-DURG,21.6013,81.8157,784/17  
DPH-DURG,21.6009,81.8152,784/19  
DPH-DURG,21.6004,81.8148,784/21  
DPH-DURG,21.5999,81.8143,784/23  
DPH-DURG,21.5995,81.8138,784/25  
DPH-DURG,21.5990,81.8133,784/27  
DPH-DURG,21.5985,81.8129,785/1   
DPH-DURG,21.5980,81.8124,785/3   
DPH-DURG,21.5976,81.8119,785/5   
DPH-DURG,21.5971,81.8115,785/7   
DPH-DURG,21.5966,81.8110,785/9   
DPH-DURG,21.5961,81.8105,785/11  
DPH-DURG,21.5957,81.8101,785/13  
DPH-DURG,21.5952,81.8096,785/15  
DPH-DURG,21.5948,81.8091,785/17  
DPH-DURG,21.5944,81.8086,785/19  
DPH-DURG,21.5937,81.8081,785/21  
DPH-DURG,21.5933,81.8077,785/23  
DPH-DURG,21.5929,81.8073,785/25  
DPH-DURG,21.5925,81.8070,785/27  
DPH-DURG,21.5922,81.8067,786/1   
DPH-DURG,21.5918,81.8064,786/3   
DPH-DURG,21.5914,81.8062,786/5   
DPH-DURG,21.5910,81.8060,786/7   
DPH-DURG,21.5906,81.8058,786/9   
DPH-DURG,21.5902,81.8056,786/11  
DPH-DURG,21.5898,81.8055,786/13  
DPH-DURG,21.5894,81.8053,786/15  
DPH-DURG,21.5889,81.8052,786/17  
DPH-DURG,21.5884,81.8050,786/19  
DPH-DURG,21.5878,81.8049,786/21  
DPH-DURG,21.5872,81.8047,786/23  
DPH-DURG,21.5866,81.8046,786/25  
DPH-DURG,21.5859,81.8044,786/27  
DPH-DURG,21.5853,81.8042,786/29  
DPH-DURG,21.5847,81.8040,786/31  
DPH-DURG,21.5841,81.8039,786/33  
DPH-DURG,21.5835,81.8037,787/1   
DPH-DURG,21.5829,81.8035,787/3   
DPH-DURG,21.5823,81.8034,787/5   
DPH-DURG,21.5816,81.8032,787/7   
DPH-DURG,21.5810,81.8030,787/9   
DPH-DURG,21.5804,81.8028,787/11  
DPH-DURG,21.5797,81.8027,787/13  
DPH-DURG,21.5791,81.8025,787/15  
DPH-DURG,21.5785,81.8023,787/17  
DPH-DURG,21.5778,81.8021,787/19  
DPH-DURG,21.5772,81.8020,787/21  
DPH-DURG,21.5766,81.8018,787/23  
DPH-DURG,21.5759,81.8016,787/25  
DPH-DURG,21.5754,81.8015,787/27  
DPH-DURG,21.5748,81.8013,788/1   
DPH-DURG,21.5741,81.8011,788/3   
DPH-DURG,21.5735,81.8010,788/5   
DPH-DURG,21.5729,81.8008,788/7   
DPH-DURG,21.5722,81.8006,788/9   
DPH-DURG,21.5717,81.8005,788/11  
DPH-DURG,21.5711,81.8003,788/13  
DPH-DURG,21.5706,81.8002,788/15  
DPH-DURG,21.5700,81.8000,788/17  
DPH-DURG,21.5694,81.7998,788/19  
DPH-DURG,21.5689,81.7997,788/21N 
DPH-DURG,21.5685,81.7996,788/21  
DPH-DURG,21.5678,81.7994,788/23  
DPH-DURG,21.5672,81.7992,788/25UP
DPH-DURG,21.5666,81.7991,788/27UP
DPH-DURG,21.5661,81.7989,789/1UP 
DPH-DURG,21.5654,81.7987,789/3UP 
DPH-DURG,21.5649,81.7986,789/5UP 
DPH-DURG,21.5643,81.7984,789/7UP 
DPH-DURG,21.5637,81.7983,789/9UP 
DPH-DURG,21.5632,81.7981,789/11UP
DPH-DURG,21.5628,81.7980,789/13UP
DPH-DURG,21.5624,81.7979,789/15UP
DPH-DURG,21.5618,81.7977,789/15NUP
DPH-DURG,21.5613,81.7976,789/15N/1UP
DPH-DURG,21.5609,81.7975,789/17NUP
DPH-DURG,21.5605,81.7974,789/19NUP
DPH-DURG,21.5602,81.7973,789/19N/1UP
DPH-DURG,21.5599,81.7972,789/21NUP
DPH-DURG,21.5595,81.7971,789/23NUP
DPH-DURG,21.5590,81.7970,789/23N/1UP
DPH-DURG,21.5587,81.7969,789/25NUP
DPH-DURG,21.5582,81.7967,789/25N/1UP
DPH-DURG,21.5578,81.7966,789/27NUP
DPH-DURG,21.5573,81.7965,790/1NUP
DPH-DURG,21.5569,81.7964,790/3NUP
DPH-DURG,21.5564,81.7962,790/5NUP
DPH-DURG,21.5561,81.7962,790/5N/1UP
DPH-DURG,21.5558,81.7961,790/7NUP
DPH-DURG,21.5556,81.7960,790/9NUP
DPH-DURG,21.5552,81.7959,790/10N/1UP
DPH-DURG,21.5546,81.7958,790/14UP
DPH-DURG,21.5540,81.7956,790/18UP
DPH-DURG,21.5535,81.7954,790/19UP
DPH-DURG,21.5528,81.7953,790/21UP
DPH-DURG,21.5522,81.7951,790/23UP
DPH-DURG,21.5515,81.7949,790/25UP
DPH-DURG,21.5510,81.7947,790/27UP
DPH-DURG,21.5505,81.7946,790/29UP
DPH-DURG,21.5503,81.7946,790/31UP
DPH-DURG,21.5499,81.7945,790/33UP
DPH-DURG,21.5494,81.7943,790/35UP
DPH-DURG,21.5488,81.7942,791/1UP 
DPH-DURG,21.5481,81.7939,791/3NUP
DPH-DURG,21.5476,81.7938,791/5NUP
DPH-DURG,21.5472,81.7937,791/7NUP
DPH-DURG,21.5469,81.7937,791/9NUP
DPH-DURG,21.5464,81.7935,791/9N/1UP
DPH-DURG,21.5460,81.7934,791/11N/1UP
DPH-DURG,21.5455,81.7933,791/13NUP
DPH-DURG,21.5450,81.7931,791/15NUP
DPH-DURG,21.5445,81.7930,791/17UP
DPH-DURG,21.5441,81.7929,791/17N/1UP
DPH-DURG,21.5435,81.7927,791/19NUP
DPH-DURG,21.5429,81.7925,791/21NUP
DPH-DURG,21.5424,81.7924,791/23NUP
DPH-DURG,21.5418,81.7923,791/25NUP
DPH-DURG,21.5412,81.7921,791/27NUP
DPH-DURG,21.5412,81.7921,791/27NUP
DPH-DURG,21.5407,81.7919,791/29NUP
DPH-DURG,21.5401,81.7918,791/31NUP
DPH-DURG,21.5396,81.7916,792/1MUP
DPH-DURG,21.5390,81.7915,792/3UP 
DPH-DURG,21.5384,81.7913,792/5UP 
DPH-DURG,21.5378,81.7911,792/7UP 
DPH-DURG,21.5371,81.7910,792/9UP 
DPH-DURG,21.5365,81.7908,792/11UP
DPH-DURG,21.5359,81.7906,792/13UP
DPH-DURG,21.5353,81.7904,792/15UP
DPH-DURG,21.5346,81.7903,792/17UP
DPH-DURG,21.5340,81.7901,792/19UP
DPH-DURG,21.5334,81.7899,792/21UP
DPH-DURG,21.5327,81.7898,792/23UP
DPH-DURG,21.5321,81.7896,792/25UP
DPH-DURG,21.5315,81.7894,792/27UP
DPH-DURG,21.5309,81.7893,793/1UP 
DPH-DURG,21.5303,81.7891,793/3UP 
DPH-DURG,21.5296,81.7889,793/5UP 
DPH-DURG,21.5290,81.7887,793/7UP 
DPH-DURG,21.5284,81.7886,793/9UP 
DPH-DURG,21.5278,81.7884,793/11UP
DPH-DURG,21.5272,81.7882,793/13UP
DPH-DURG,21.5265,81.7881,793/15UP
DPH-DURG,21.5259,81.7879,793/17UP
DPH-DURG,21.5252,81.7877,793/19UP
DPH-DURG,21.5247,81.7876,793/21UP
DPH-DURG,21.5241,81.7874,793/23UP
DPH-DURG,21.5234,81.7872,793/25UP
DPH-DURG,21.5228,81.7870,793/27UP
DPH-DURG,21.5223,81.7869,794/1UP 
DPH-DURG,21.5216,81.7867,794/3UP 
DPH-DURG,21.5210,81.7866,794/5UP 
DPH-DURG,21.5204,81.7864,794/7UP 
DPH-DURG,21.5197,81.7862,794/9UP 
DPH-DURG,21.5191,81.7860,794/11UP
DPH-DURG,21.5185,81.7859,794/13UP
DPH-DURG,21.5180,81.7857,794/13NUP
DPH-DURG,21.5176,81.7856,794/15NUP
DPH-DURG,21.5170,81.7854,794/17NUP
DPH-DURG,21.5166,81.7853,794/19NUP
DPH-DURG,21.5160,81.7852,794/21NUP
DPH-DURG,21.5154,81.7850,794/23NUP
DPH-DURG,21.5148,81.7849,794/23N/1UP
DPH-DURG,21.5143,81.7847,794/25NUP
DPH-DURG,21.5137,81.7845,795/1NUP
DPH-DURG,21.5133,81.7844,795/1N/1UP
DPH-DURG,21.5128,81.7843,795/3NUP
DPH-DURG,21.5122,81.7841,795/7UP 
DPH-DURG,21.5117,81.7840,795/9UP 
DPH-DURG,21.5113,81.7839,795/94UP
DPH-DURG,21.5109,81.7838,795/9N/2UP
DPH-DURG,21.5105,81.7837,795/11NUP 
DPH-DURG,21.5100,81.7835,795/13NUP
DPH-DURG,21.5095,81.7834,795/13N/1UP
DPH-DURG,21.5091,81.7833,795/15NUP
DPH-DURG,21.5086,81.7831,795/17UP
DPH-DURG,21.5080,81.7829,795/19UP
DPH-DURG,21.5073,81.7828,795/21UP
DPH-DURG,21.5067,81.7826,795/23UP
DPH-DURG,21.5061,81.7824,795/25UP
DPH-DURG,21.5055,81.7823,795/27UP
DPH-DURG,21.5049,81.7821,796/1UP 
DPH-DURG,21.5043,81.7819,796/3UP 
DPH-DURG,21.5036,81.7818,796/5UP 
DPH-DURG,21.5030,81.7816,796/7UP 
DPH-DURG,21.5024,81.7814,796/9UP 
DPH-DURG,21.5017,81.7813,796/11UP
DPH-DURG,21.5011,81.7811,796/13UP
DPH-DURG,21.5005,81.7809,796/15UP
DPH-DURG,21.4999,81.7808,796/15NUP
DPH-DURG,21.4994,81.7806,796/17NUP
DPH-DURG,21.4989,81.7805,796/19NUP
DPH-DURG,21.4984,81.7803,796/21NUP
DPH-DURG,21.4980,81.7802,796/23UP
DPH-DURG,21.4973,81.7800,796/25UP
DPH-DURG,21.4968,81.7799,796/25NUP
DPH-DURG,21.4962,81.7797,796/27NUP
DPH-DURG,21.4962,81.7797,796/27NUP
DPH-DURG,21.4956,81.7796,797/1NUP
DPH-DURG,21.4952,81.7795,797/3NUP
DPH-DURG,21.4947,81.7793,797/5NUP
DPH-DURG,21.4942,81.7792,797/7UP 
DPH-DURG,21.4936,81.7790,797/9UP 
DPH-DURG,21.4930,81.7789,797/11UP
DPH-DURG,21.4925,81.7788,797/13UP
DPH-DURG,21.4919,81.7786,797/15UP
DPH-DURG,21.4915,81.7785,797/17UP
DPH-DURG,21.4910,81.7783,797/19UP
DPH-DURG,21.4905,81.7781,797/21UP
DPH-DURG,21.4899,81.7780,797/23UP
DPH-DURG,21.4894,81.7779,797/21N/1UP
DPH-DURG,21.4890,81.7777,797/23NUP
DPH-DURG,21.4886,81.7777,797/25NUP
DPH-DURG,21.4880,81.7775,798/27NUP
DPH-DURG,21.4875,81.7774,798/1UP 
DPH-DURG,21.4872,81.7773,798/1NUP
DPH-DURG,21.4867,81.7771,798/3NUP
DPH-DURG,21.4861,81.7769,798/5NUP
DPH-DURG,21.4855,81.7768,798/7NUP
DPH-DURG,21.4849,81.7766,798/9UP 
DPH-DURG,21.4842,81.7764,798/11UP
DPH-DURG,21.4836,81.7763,798/13UP
DPH-DURG,21.4830,81.7761,798/15UP
DPH-DURG,21.4824,81.7759,798/17UP
DPH-DURG,21.4817,81.7758,798/19UP
DPH-DURG,21.4811,81.7756,798/21UP
DPH-DURG,21.4805,81.7754,798/23UP
DPH-DURG,21.4798,81.7752,798/25UP
DPH-DURG,21.4792,81.7751,798/25UP
DPH-DURG,21.4786,81.7749,799/1UP 
DPH-DURG,21.4780,81.7748,799/3UP 
DPH-DURG,21.4774,81.7746,799/5UP 
DPH-DURG,21.4768,81.7744,799/7UP 
DPH-DURG,21.4762,81.7743,799/9UP 
DPH-DURG,21.4755,81.7741,799/11UP
DPH-DURG,21.4749,81.7739,799/13UP
DPH-DURG,21.4743,81.7737,799/15UP
DPH-DURG,21.4736,81.7735,799/17UP
DPH-DURG,21.4730,81.7734,799/19UP
DPH-DURG,21.4724,81.7732,799/21UP
DPH-DURG,21.4717,81.7730,799/23UP
DPH-DURG,21.4711,81.7729,799/25UP
DPH-DURG,21.4706,81.7727,799/27UP
DPH-DURG,21.4700,81.7726,799/29UP
DPH-DURG,21.4694,81.7724,800/1UP 
DPH-DURG,21.4687,81.7722,800/3UP 
DPH-DURG,21.4681,81.7720,800/5UP 
DPH-DURG,21.4675,81.7718,800/7UP 
DPH-DURG,21.4668,81.7717,800/9UP 
DPH-DURG,21.4662,81.7715,800/11UP
DPH-DURG,21.4656,81.7713,800/13UP
DPH-DURG,21.4650,81.7712,800/15UP
DPH-DURG,21.4643,81.7710,800/17UP
DPH-DURG,21.4637,81.7708,800/19UP
DPH-DURG,21.4631,81.7707,800/21UP
DPH-DURG,21.4625,81.7705,800/23UP
DPH-DURG,21.4619,81.7703,800/25UP
DPH-DURG,21.4612,81.7701,800/27UP
DPH-DURG,21.4607,81.7700,801/1UP 
DPH-DURG,21.4601,81.7698,801/3UP 
DPH-DURG,21.4594,81.7697,801/5UP 
DPH-DURG,21.4588,81.7695,801/7UP 
DPH-DURG,21.4581,81.7693,801/9UP 
DPH-DURG,21.4575,81.7692,801/9UP 
DPH-DURG,21.4569,81.7690,801/11UP
DPH-DURG,21.4562,81.7688,801/15UP
DPH-DURG,21.4556,81.7686,801/17UP
DPH-DURG,21.4550,81.7685,801/19UP
DPH-DURG,21.4543,81.7683,801/21UP
DPH-DURG,21.4537,81.7681,801/23UP
DPH-DURG,21.4532,81.7680,801/25UP
DPH-DURG,21.4526,81.7677,801/27UP
DPH-DURG,21.4519,81.7676,802/1UP 
DPH-DURG,21.4514,81.7674,802/3UP 
DPH-DURG,21.4508,81.7673,802/5UP 
DPH-DURG,21.4502,81.7671,802/7UP 
DPH-DURG,21.4496,81.7670,802/9UP 
DPH-DURG,21.4491,81.7668,802/11UP
DPH-DURG,21.4487,81.7667,802/13UP
DPH-DURG,21.4483,81.7666,802/15UP
DPH-DURG,21.4479,81.7664,802/17UP
DPH-DURG,21.4475,81.7662,802/19UP
DPH-DURG,21.4471,81.7660,802/21UP
DPH-DURG,21.4466,81.7657,802/23UP
DPH-DURG,21.4462,81.7653,802/25UP
DPH-DURG,21.4457,81.7650,802/27UP
DPH-DURG,21.4452,81.7646,802/29UP
DPH-DURG,21.4447,81.7643,802/31UP
DPH-DURG,21.4443,81.7639,803/1UP 
DPH-DURG,21.4437,81.7635,803/3UP 
DPH-DURG,21.4432,81.7632,803/5UP 
DPH-DURG,21.4427,81.7628,807/7UP 
DPH-DURG,21.4422,81.7625,803/9UP 
DPH-DURG,21.4418,81.7621,803/11UP
DPH-DURG,21.4412,81.7617,803/13UP
DPH-DURG,21.4407,81.7613,803/15UP
DPH-DURG,21.4402,81.7610,803/17UP
DPH-DURG,21.4397,81.7606,803/19NUP
DPH-DURG,21.4392,81.7603,803/21NUP
DPH-DURG,21.4387,81.7599,803/23NUP
DPH-DURG,21.4382,81.7596,803/25NUP
DPH-DURG,21.4377,81.7593,803/27UP
DPH-DURG,21.4372,81.7591,803/27UP
DPH-DURG,21.4367,81.7588,804/1UP 
DPH-DURG,21.4362,81.7586,804/3UP 
DPH-DURG,21.4356,81.7584,804/5UP 
DPH-DURG,21.4351,81.7582,804/5N1UP
DPH-DURG,21.4345,81.7580,804/7NUP
DPH-DURG,21.4341,81.7579,804/9NUP
DPH-DURG,21.4336,81.7577,804/11NUP
DPH-DURG,21.4331,81.7575,804/13NUP
DPH-DURG,21.4327,81.7574,804/15NUP
DPH-DURG,21.4322,81.7572,804/15N/1UP
DPH-DURG,21.4319,81.7571,804/17NUP
DPH-DURG,21.4314,81.7570,804/19NUP
DPH-DURG,21.4309,81.7568,804/21NUP
DPH-DURG,21.4305,81.7567,804/23NUP
DPH-DURG,21.4302,81.7566,804/23N/1UP
DPH-DURG,21.4297,81.7564,804/25UP
DPH-DURG,21.4291,81.7562,804/27UP
DPH-DURG,21.4284,81.7560,804/29UP
DPH-DURG,21.4280,81.7559,804/29NUP
DPH-DURG,21.4277,81.7558,805/1NUP
DPH-DURG,21.4272,81.7556,805/1UP 
DPH-DURG,21.4266,81.7554,804/3UP 
DPH-DURG,21.4261,81.7553,804/5UP 
DPH-DURG,21.4257,81.7551,805/7UP 
DPH-DURG,21.4251,81.7549,805/9UP 
DPH-DURG,21.4246,81.7548,805/11NU
DPH-DURG,21.4242,81.7546,805/13NU
DPH-DURG,21.4237,81.7545,805/19NU
DPH-DURG,21.4233,81.7543,805/21UP
DPH-DURG,21.4229,81.7542,805/23AU
DPH-DURG,21.4224,81.7540,805/25NU
DPH-DURG,21.4220,81.7539,805/25N/
DPH-DURG,21.4217,81.7538,805/27NU
DPH-DURG,21.4212,81.7537,805/29UP
DPH-DURG,21.4206,81.7535,805/31UP
DPH-DURG,21.4200,81.7533,805/33UP
DPH-DURG,21.4194,81.7531,805/35UP
DPH-DURG,21.4188,81.7529,806/1UP 
DPH-DURG,21.4181,81.7526,806/3UP 
DPH-DURG,21.4175,81.7524,806/5UP 
DPH-DURG,21.4169,81.7522,806/7UP 
DPH-DURG,21.4164,81.7521,806/9UP 
DPH-DURG,21.4158,81.7519,806/11UP
DPH-DURG,21.4151,81.7517,806/13UP
DPH-DURG,21.4145,81.7515,806/15UP
DPH-DURG,21.4139,81.7513,806/17UP
DPH-DURG,21.4133,81.7511,806/19UP
DPH-DURG,21.4126,81.7509,806/21UP
DPH-DURG,21.4120,81.7506,806/23UP
DPH-DURG,21.4114,81.7504,806/25UP
DPH-DURG,21.4108,81.7502,806/27UP
DPH-DURG,21.4102,81.7501,807/1UP 
DPH-DURG,21.4096,81.7499,807/3UP 
DPH-DURG,21.4090,81.7496,807/5UP 
DPH-DURG,21.4083,81.7494,807/7UP 
DPH-DURG,21.4077,81.7492,807/9UP 
DPH-DURG,21.4071,81.7490,807/11UP
DPH-DURG,21.4065,81.7488,807/138U
DPH-DURG,21.4059,81.7486,807/15UP
DPH-DURG,21.4052,81.7484,807/17UP
DPH-DURG,21.4046,81.7482,807/19UP
DPH-DURG,21.4040,81.7480,807/21UP
DPH-DURG,21.4034,81.7478,807/23UP
DPH-DURG,21.4027,81.7476,807/25UP
DPH-DURG,21.4021,81.7474,807/27UP
DPH-DURG,21.4016,81.7472,808/1UP 
DPH-DURG,21.4010,81.7471,808/3UP 
DPH-DURG,21.4004,81.7468,808/5UP 
DPH-DURG,21.3997,81.7466,808/7UP 
DPH-DURG,21.3991,81.7464,808/9UP 
DPH-DURG,21.3985,81.7462,808/11UP
DPH-DURG,21.3979,81.7460,808/13UP
DPH-DURG,21.3973,81.7459,808/15UP
DPH-DURG,21.3968,81.7457,808/17UP
DPH-DURG,21.3962,81.7455,808/19UP
DPH-DURG,21.3956,81.7453,808/21UP
DPH-DURG,21.3950,81.7451,808/23UP
DPH-DURG,21.3943,81.7449,808/25UP
DPH-DURG,21.3938,81.7447,808/27UP
DPH-DURG,21.3933,81.7446,809/1UP 
DPH-DURG,21.3927,81.7444,809/3UP 
DPH-DURG,21.3922,81.7442,809/5UP 
DPH-DURG,21.3916,81.7441,809/7UP 
DPH-DURG,21.3911,81.7439,809/9UP 
DPH-DURG,21.3906,81.7438,809/11UP
DPH-DURG,21.3901,81.7436,809/13UP
DPH-DURG,21.3896,81.7435,809/15UP
DPH-DURG,21.3890,81.7433,809/19UP
DPH-DURG,21.3884,81.7431,809/21UP
DPH-DURG,21.3878,81.7429,809/23UP
DPH-DURG,21.3872,81.7427,809/25UP
DPH-DURG,21.3865,81.7425,809/27UP
DPH-DURG,21.3859,81.7423,809/29UP
DPH-DURG,21.3853,81.7421,809/31UP
DPH-DURG,21.3847,81.7419,810/1UP 
DPH-DURG,21.3841,81.7417,810/3UP 
DPH-DURG,21.3834,81.7415,810/5UP 
DPH-DURG,21.3828,81.7412,810/7UP 
DPH-DURG,21.3822,81.7410,810/9UP 
DPH-DURG,21.3816,81.7408,810/11UP
DPH-DURG,21.3809,81.7406,810/13UP
DPH-DURG,21.3803,81.7404,810/15UP
DPH-DURG,21.3798,81.7403,810/17UP
DPH-DURG,21.3792,81.7401,810/19UP
DPH-DURG,21.3787,81.7399,810/21UP
DPH-DURG,21.3782,81.7397,810/23UP
DPH-DURG,21.3777,81.7395,810/25UP
DPH-DURG,21.3771,81.7393,810/27UP
DPH-DURG,21.3765,81.7391,810/29UP
DPH-DURG,21.3760,81.7389,811/1UP 
DPH-DURG,21.3755,81.7387,811/3UP 
DPH-DURG,21.3750,81.7384,811/5UP 
DPH-DURG,21.3745,81.7382,811/7UP 
DPH-DURG,21.3740,81.7379,811/9UP 
DPH-DURG,21.3735,81.7377,811/11UP
DPH-DURG,21.3730,81.7373,811/13UP
DPH-DURG,21.3725,81.7370,811/15UP
DPH-DURG,21.3721,81.7367,811/17UP
DPH-DURG,21.3716,81.7363,811/19UP
DPH-DURG,21.3711,81.7359,811/21UP
DPH-DURG,21.3706,81.7355,811/23UP
DPH-DURG,21.3701,81.7350,811/25UP
DPH-DURG,21.3696,81.7347,811/27UP
DPH-DURG,21.3692,81.7343,811/29UP
DPH-DURG,21.3687,81.7340,811/31UP
DPH-DURG,21.3683,81.7336,812/1UP 
DPH-DURG,21.3678,81.7333,812/3UP 
DPH-DURG,21.3673,81.7329,812/5UP 
DPH-DURG,21.3668,81.7325,812/7UP 
DPH-DURG,21.3663,81.7321,812/9UP 
DPH-DURG,21.3658,81.7317,812/11UP
DPH-DURG,21.3653,81.7313,812/13UP
DPH-DURG,21.3648,81.7309,817/15UP
DPH-DURG,21.3643,81.7305,812/17UP   
DPH-DURG,21.3638,81.7300,812/19UP
DPH-DURG,21.3632,81.7296,812/21UP
DPH-DURG,21.3627,81.7292,812/23UP
DPH-DURG,21.3622,81.7288,812/25UP
DPH-DURG,21.3617,81.7284,812/27UP
DPH-DURG,21.3612,81.7280,813/1UP 
DPH-DURG,21.3607,81.7276,813/3UP 
DPH-DURG,21.3602,81.7271,813/5UP 
DPH-DURG,21.3596,81.7267,813/7UP 
DPH-DURG,21.3591,81.7262,813/9UP 
DPH-DURG,21.3586,81.7259,813/11UP
DPH-DURG,21.3581,81.7255,813/13UP
DPH-DURG,21.3576,81.7251,813/15UP
DPH-DURG,21.3571,81.7246,813/17UP
DPH-DURG,21.3565,81.7242,813/19UP
DPH-DURG,21.3560,81.7237,813/21UP
DPH-DURG,21.3555,81.7233,813/23UP
DPH-DURG,21.3550,81.7230,813/25UP
DPH-DURG,21.3545,81.7226,813/27UP
DPH-DURG,21.3541,81.7223,814/1UP 
DPH-DURG,21.3537,81.7220,814/3UP 
DPH-DURG,21.3532,81.7215,813/5UP 
DPH-DURG,21.3527,81.7213,814/7UP 
DPH-DURG,21.3522,81.7209,814/9UP 
DPH-DURG,21.3517,81.7206,814/11UP
DPH-DURG,21.3511,81.7202,814/13UP
DPH-DURG,21.3505,81.7199,814/15UP
DPH-DURG,21.3500,81.7195,814/17UP
DPH-DURG,21.3494,81.7192,814/19UP
DPH-DURG,21.3489,81.7188,814/21UP
DPH-DURG,21.3483,81.7185,814/23UP
DPH-DURG,21.3477,81.7181,814/25UP
DPH-DURG,21.3472,81.7178,814/27UP
DPH-DURG,21.3466,81.7174,814/29UP
DPH-DURG,21.3461,81.7171,815/1UP 
DPH-DURG,21.3457,81.7168,815/3UP 
DPH-DURG,21.3453,81.7165,815/5UP 
DPH-DURG,21.3450,81.7162,815/7UP 
DPH-DURG,21.3446,81.7159,815/9UP 
DPH-DURG,21.3442,81.7155,815/11UP
DPH-DURG,21.3439,81.7152,815/13UP 
DPH-DURG,21.3435,81.7147,815/15UP
DPH-DURG,21.3432,81.7144,815/17UP
DPH-DURG,21.3430,81.7140,815/19UP
DPH-DURG,21.3426,81.7135,815/21UP
DPH-DURG,21.3423,81.7130,815/23UP
DPH-DURG,21.3421,81.7126,815/25UP
DPH-DURG,21.3419,81.7123,815/27UP
DPH-DURG,21.3416,81.7117,815/29UP
DPH-DURG,21.3414,81.7112,815/29UP
DPH-DURG,21.3411,81.7107,815/31UP
DPH-DURG,21.3407,81.7101,815/33UP
DPH-DURG,21.3405,81.7096,816/1UP 
DPH-DURG,21.3403,81.7093,816/3UP
DPH-DURG,21.3401,81.7089,816/5UP 
DPH-DURG,21.3399,81.7086,816/7UP 
DPH-DURG,21.3398,81.7084,816/7N/1UP
DPH-DURG,21.3396,81.7080,816/11NUP
DPH-DURG,21.3394,81.7077,816/11N/1UP
DPH-DURG,21.3392,81.7073,816/13UP
DPH-DURG,21.3389,81.7067,816/15UP
DPH-DURG,21.3386,81.7061,816/17NU
DPH-DURG,21.3383,81.7056,816/19UP
DPH-DURG,21.3380,81.7051,816/21UP
DPH-DURG,21.3377,81.7045,816/23UP
DPH-DURG,21.3375,81.7041,816/25UP
DPH-DURG,21.3372,81.7036,816/27UP
DPH-DURG,21.3369,81.7030,816/29UP
DPH-DURG,21.3365,81.7023,816/31UP
DPH-DURG,21.3362,81.7018,816/33UP
DPH-DURG,21.3359,81.7012,817/3UP 
DPH-DURG,21.3356,81.7007,817/5NUP
DPH-DURG,21.3354,81.7003,817/7NUP
DPH-DURG,21.3352,81.6999,817/11NU
DPH-DURG,21.3350,81.6995,817/15NUP 
DPH-DURG,21.3347,81.6990,817/17NU
DPH-DURG,21.3345,81.6986,817/19UP
DPH-DURG,21.3342,81.6981,817/21UP
DPH-DURG,21.3339,81.6975,817/23NUP
DPH-DURG,21.3336,81.6971,817/25UP
DPH-DURG,21.3334,81.6966,817/25NUP
DPH-DURG,21.3332,81.6962,817/27UP
DPH-DURG,21.3329,81.6956,817/2UP 
DPH-DURG,21.3326,81.6950,817/31UP
DPH-DURG,21.3322,81.6945,817/33UP
DPH-DURG,21.3319,81.6939,817/35UP
DPH-DURG,21.3316,81.6933,818/1UP 
DPH-DURG,21.3314,81.6928,818/3UP 
DPH-DURG,21.3310,81.6922,818/5UP 
DPH-DURG,21.3307,81.6917,818/7UP 
DPH-DURG,21.3305,81.6913,818/9UP 
DPH-DURG,21.3301,81.6907,818/11UP
DPH-DURG,21.3298,81.6902,818/13UP
DPH-DURG,21.3295,81.6898,818/15UP
DPH-DURG,21.3292,81.6894,818/17UP
DPH-DURG,21.3288,81.6890,818/19UP
DPH-DURG,21.3284,81.6885,818/21UP
DPH-DURG,21.3280,81.6881,818/23UP
DPH-DURG,21.3275,81.6875,818/25UP
DPH-DURG,21.3270,81.6871,818/27UP
DPH-DURG,21.3266,81.6867,818/29UP
DPH-DURG,21.3262,81.6862,818/31UP
DPH-DURG,21.3257,81.6857,819/1UP 
DPH-DURG,21.3253,81.6853,819/3UP 
DPH-DURG,21.3250,81.6849,819/5UP 
DPH-DURG,21.3248,81.6847,819/7UP 
DPH-DURG,21.3245,81.6845,819/9UP 
DPH-DURG,21.3242,81.6841,819/19UP
DPH-DURG,21.3238,81.6837,819/13UP
DPH-DURG,21.3235,81.6834,819/15UP
DPH-DURG,21.3230,81.6828,819/17UP
DPH-DURG,21.3225,81.6823,819/19UP
DPH-DURG,21.3222,81.6820,819/19NUP
DPH-DURG,21.3219,81.6817,819/21UP
DPH-DURG,21.3216,81.6814,819/23UP
DPH-DURG,21.3213,81.6810,819/25UP
DPH-DURG,21.3209,81.6805,819/27UP
DPH-DURG,21.3205,81.6801,819/29UP
DPH-DURG,21.3201,81.6796,819/31UP
DPH-DURG,21.3197,81.6791,819/33UP
DPH-DURG,21.3193,81.6786,820/1UP 
DPH-DURG,21.3189,81.6780,820/3UP 
DPH-DURG,21.3184,81.6775,820/5UP 
DPH-DURG,21.3180,81.6770,820/7UP 
DPH-DURG,21.3176,81.6765,820/9UP 
DPH-DURG,21.3171,81.6759,820/11UP
DPH-DURG,21.3167,81.6754,820/13UP
DPH-DURG,21.3163,81.6749,820/15UP
DPH-DURG,21.3159,81.6743,820/17UP
DPH-DURG,21.3154,81.6738,820/19UP
DPH-DURG,21.3151,81.6733,820/21UP
DPH-DURG,21.3146,81.6728,820/23UP
DPH-DURG,21.3142,81.6723,820/25UP
DPH-DURG,21.3138,81.6718,820/27UP
DPH-DURG,21.3135,81.6714,821/1UP 
DPH-DURG,21.3130,81.6708,821/3UP 
DPH-DURG,21.3127,81.6705,821/5UP 
DPH-DURG,21.3123,81.6700,821/7UP 
DPH-DURG,21.3119,81.6696,821/9UP 
DPH-DURG,21.3116,81.6691,821/11UP
DPH-DURG,21.3112,81.6687,821/13UP
DPH-DURG,21.3108,81.6683,821/15UP
DPH-DURG,21.3105,81.6678,821/17UP
DPH-DURG,21.3101,81.6673,821/19UP
DPH-DURG,21.3097,81.6668,817/21UP
DPH-DURG,21.3094,81.6664,821/23UP
DPH-DURG,21.3090,81.6659,821/25UP
DPH-DURG,21.3086,81.6654,821/27UP
DPH-DURG,21.3082,81.6650,821/29UP
DPH-DURG,21.3078,81.6645,821/29UP
DPH-DURG,21.3074,81.6639,822/1UP 
DPH-DURG,21.3070,81.6634,822/3UP    
DPH-DURG,21.3065,81.6629,822/5UP 
DPH-DURG,21.3061,81.6624,822/7UP 
DPH-DURG,21.3057,81.6618,822/9UP 
DPH-DURG,21.3054,81.6614,822/11NUP
DPH-DURG,21.3051,81.6611,822/13NUP
DPH-DURG,21.3048,81.6607,822/13N/UP
DPH-DURG,21.3045,81.6602,822/15NUP
DPH-DURG,21.3042,81.6599,822/17NUP
DPH-DURG,21.3039,81.6595,822/19NUP
DPH-DURG,21.3036,81.6591,822/21NUP
DPH-DURG,21.3032,81.6587,822/23NUP
DPH-DURG,21.3028,81.6582,822/25NUP
DPH-DURG,21.3024,81.6577,822/27NUP
DPH-DURG,21.3021,81.6574,822/29NUP
DPH-DURG,21.3018,81.6569,823/1NUP  
DPH-DURG,21.3014,81.6564,823/3NUP
DPH-DURG,21.3011,81.6560,823/5NUP
DPH-DURG,21.3008,81.6556,823/7NUP
DPH-DURG,21.3004,81.6552,823/7N/1UP
DPH-DURG,21.3003,81.6550,823/09UP
DPH-DURG,21.3000,81.6547,823/11NU
DPH-DURG,21.2997,81.6543,823/13NU
DPH-DURG,21.2995,81.6539,823/15NU
DPH-DURG,21.2991,81.6535,823/17NU
DPH-DURG,21.2988,81.6531,823/21NU
DPH-DURG,21.2985,81.6527,823/23NU
DPH-DURG,21.2980,81.6521,823/27UP
DPH-DURG,21.2976,81.6516,823/29UP
DPH-DURG,21.2972,81.6511,823/31UP
DPH-DURG,21.2968,81.6506,823/33UP
DPH-DURG,21.2964,81.6501,823/35UP
DPH-DURG,21.2961,81.6497,823/37UP
DPH-DURG,21.2959,81.6494,824/01UP
DPH-DURG,21.2956,81.6491,824/03UP
DPH-DURG,21.2953,81.6488,824/05UP
DPH-DURG,21.2949,81.6484,824/07UP
DPH-DURG,21.2946,81.6480,824/09UP
DPH-DURG,21.2942,81.6477,824/11UP
DPH-DURG,21.2938,81.6474,824/13UP
DPH-DURG,21.2934,81.6471,824/15UP
DPH-DURG,21.2931,81.6469,824/17NU
DPH-DURG,21.2928,81.6468,824/17UP
DPH-DURG,21.2927,81.6467,824/19UP
DPH-DURG,21.2923,81.6465,824/21UP
DPH-DURG,21.2920,81.6463,824/23UP
DPH-DURG,21.2916,81.6461,824/25UP
DPH-DURG,21.2913,81.6460,824/27UP
DPH-DURG,21.2912,81.6459,824/27/1
DPH-DURG,21.2908,81.6457,824/29/1
DPH-DURG,21.2905,81.6456,824/31UP
DPH-DURG,21.2902,81.6455,824/33UP
DPH-DURG,21.2900,81.6453,824/35UP
DPH-DURG,21.2897,81.6452,824/37UP
DPH-DURG,21.2893,81.6450,824/39UP
DPH-DURG,21.2891,81.6449,824/41UP
DPH-DURG,21.2887,81.6447,824/43UP
DPH-DURG,21.2882,81.6445,825/03UP
DPH-DURG,21.2877,81.6442,825/05UP
DPH-DURG,21.2872,81.6439,825/07UP
DPH-DURG,21.2868,81.6437,825/09UP
DPH-DURG,21.2863,81.6435,825/11UP
DPH-DURG,21.2859,81.6432,825/13UP
DPH-DURG,21.2854,81.6430,825/15UP
DPH-DURG,21.2848,81.6427,825/17UP
DPH-DURG,21.2842,81.6424,825/19UP
DPH-DURG,21.2837,81.6421,825/21UP
DPH-DURG,21.2832,81.6419,825/23UP
DPH-DURG,21.2826,81.6416,825/25UP
DPH-DURG,21.2821,81.6413,825/27UP
DPH-DURG,21.2816,81.6411,825/29UP
DPH-DURG,21.2811,81.6408,825/31UP
DPH-DURG,21.2806,81.6405,826/01UP
DPH-DURG,21.2801,81.6403,826/03UP
DPH-DURG,21.2796,81.6400,826/05UP
DPH-DURG,21.2791,81.6397,826/07UP
DPH-DURG,21.2786,81.6395,826/09UP
DPH-DURG,21.2780,81.6392,826/11UP
DPH-DURG,21.2775,81.6389,826/13UP
DPH-DURG,21.2769,81.6386,826/15UP
DPH-DURG,21.2764,81.6384,826/17UP
DPH-DURG,21.2759,81.6381,826/19UP
DPH-DURG,21.2755,81.6379,826/21UP
DPH-DURG,21.2751,81.6377,826/23UP
DPH-DURG,21.2746,81.6375,826/25UP
DPH-DURG,21.2741,81.6373,826/27UP
DPH-DURG,21.2736,81.6370,826/29UP
DPH-DURG,21.2730,81.6368,826/31UP
DPH-DURG,21.2724,81.6365,826/33UP
DPH-DURG,21.2719,81.6363,826/35UP
DPH-DURG,21.2715,81.6361,826/37UP
DPH-DURG,21.2710,81.6359,827/03UP
DPH-DURG,21.2704,81.6357,827/05UP
DPH-DURG,21.2700,81.6355,827/07UP
DPH-DURG,21.2694,81.6352,827/09UP
DPH-DURG,21.2689,81.6350,827/11UP
DPH-DURG,21.2683,81.6347,827/13UP
DPH-DURG,21.2677,81.6345,827/15UP
DPH-DURG,21.2672,81.6342,827/17UP
DPH-DURG,21.2666,81.6340,827/19UP
DPH-DURG,21.2661,81.6338,827/21UP
DPH-DURG,21.2657,81.6336,827/23UP
DPH-DURG,21.2651,81.6333,827/25UP
DPH-DURG,21.2645,81.6331,827/27UP
DPH-DURG,21.2638,81.6328,827/29UP
DPH-DURG,21.2634,81.6326,827/31UP
DPH-DURG,21.2629,81.6324,827/33UP
DPH-DURG,21.2624,81.6321,828/01UP
DPH-DURG,21.2620,81.6320,828/03UP
DPH-DURG,21.2615,81.6318,828/05UP
DPH-DURG,21.2611,81.6316,828/7UP 
DPH-DURG,21.2607,81.6314,828/09UP
DPH-DURG,21.2603,81.6312,828/11UP
DPH-DURG,21.2598,81.6310,828/13UP
DPH-DURG,21.2596,81.6309,828/15UP
DPH-DURG,21.2589,81.6306,828/19UP
DPH-DURG,21.2584,81.6304,828/25UP
DPH-DURG,21.2580,81.6302,828/27UP
DPH-DURG,21.2575,81.6300,828/29UP
DPH-DURG,21.2572,81.6298,828/31UP
DPH-DURG,21.2569,81.6297,828/33/1
DPH-DURG,21.2566,81.6296,828/35UP
DPH-DURG,21.2562,81.6294,828/37UP
DPH-DURG,21.2559,81.6293,828/39UP
DPH-DURG,21.2556,81.6292,828/41UP
DPH-DURG,21.2551,81.6289,829/01UP
DPH-DURG,21.2545,81.6287,829/03NUP
DPH-DURG,21.2540,81.6285,829/5UP 
DPH-DURG,21.2536,81.6283,829/7UP 
DPH-DURG,21.2533,81.6281,829/9UP 
DPH-DURG,21.2530,81.6280,829/11UP
DPH-DURG,21.2528,81.6278,829/13UP
DPH-DURG,21.2525,81.6276,829/1013UP
DPH-DURG,21.2523,81.6275,829/15NUP
DPH-DURG,21.2520,81.6273,829/17NUP
DPH-DURG,21.2518,81.6271,829/21NUP
DPH-DURG,21.2516,81.6269,829/23NUP
DPH-DURG,21.2513,81.6266,829/27NUP
DPH-DURG,21.2511,81.6265,829/29UP
DPH-DURG,21.2509,81.6263,829/31UP
DPH-DURG,21.2506,81.6260,829/35UP
DPH-DURG,21.2504,81.6257,829/37UP
DPH-DURG,21.2503,81.6255,829/39UP
DPH-DURG,21.2501,81.6252,829/43UP
DPH-DURG,21.2499,81.6248,829/45UP
DPH-DURG,21.2497,81.6244,829/47UP
DPH-DURG,21.2495,81.6240,829/51UP
DPH-DURG,21.2493,81.6235,829/53UP
DPH-DURG,21.2492,81.6230,829/55UP
DPH-DURG,21.2490,81.6226,830/1UP 
DPH-DURG,21.2489,81.6221,830/5UP 
DPH-DURG,21.2489,81.6216,830/7UP 
DPH-DURG,21.2488,81.6212,830/9UP 
DPH-DURG,21.2488,81.6207,830/13UP
DPH-DURG,21.2488,81.6202,830/15UP
DPH-DURG,21.2488,81.6197,830/17UP
DPH-DURG,21.2489,81.6192,830/19UP
DPH-DURG,21.2490,81.6187,830/21UP
DPH-DURG,21.2491,81.6182,830/23UP
DPH-DURG,21.2492,81.6175,830/25UP
DPH-DURG,21.2494,81.6169,830/27UP
DPH-DURG,21.2495,81.6162,830/31UP
DPH-DURG,21.2497,81.6155,830/33UP
DPH-DURG,21.2498,81.6149,830/35UP
DPH-DURG,21.2500,81.6142,830/37UP
DPH-DURG,21.2501,81.6135,831/1UP 
DPH-DURG,21.2503,81.6128,831/3UP 
DPH-DURG,21.2505,81.6122,831/5UP 
DPH-DURG,21.2506,81.6115,831/7UP 
DPH-DURG,21.2508,81.6108,831/9UP 
DPH-DURG,21.2509,81.6102,831/11UP
DPH-DURG,21.2511,81.6095,831/15UP
DPH-DURG,21.2512,81.6087,831/17UP
DPH-DURG,21.2514,81.6081,831/19UP
DPH-DURG,21.2515,81.6074,831/21UP
DPH-DURG,21.2517,81.6068,831/23UP
DPH-DURG,21.2518,81.6061,831/25UP
DPH-DURG,21.2519,81.6055,831/27UP
DPH-DURG,21.2521,81.6049,831/29UP
DPH-DURG,21.2522,81.6044,831/31UP
DPH-DURG,21.2523,81.6038,832/1UP 
DPH-DURG,21.2525,81.6033,832/3UP 
DPH-DURG,21.2526,81.6027,832/5UP 
DPH-DURG,21.2527,81.6020,832/9UP 
DPH-DURG,21.2529,81.6014,832/11UP
DPH-DURG,21.2531,81.6007,832/13UP
DPH-DURG,21.2532,81.6000,832/15UP
DPH-DURG,21.2534,81.5993,832/17UP
DPH-DURG,21.2535,81.5987,832/21UP
DPH-DURG,21.2537,81.5980,832/23UP
DPH-DURG,21.2538,81.5973,832/25UP
DPH-DURG,21.2540,81.5966,832/27UP
DPH-DURG,21.2541,81.5961,832/29NUP
DPH-DURG,21.2542,81.5956,832/31NUP
DPH-DURG,21.2543,81.5951,832/33UP
DPH-DURG,21.2544,81.5947,833/1UP 
DPH-DURG,21.2545,81.5941,833/3UP 
DPH-DURG,21.2546,81.5935,833/5UP 
DPH-DURG,21.2547,81.5929,833/7UP 
DPH-DURG,21.2547,81.5923,833/9UP 
DPH-DURG,21.2548,81.5917,833/11UP
DPH-DURG,21.2548,81.5911,833/15UP
DPH-DURG,21.2548,81.5904,833/17UP
DPH-DURG,21.2548,81.5899,833/19UP
DPH-DURG,21.2547,81.5893,833/21UP
DPH-DURG,21.2547,81.5887,833/23UP
DPH-DURG,21.2546,81.5880,833/25UP
DPH-DURG,21.2545,81.5873,833/27UP
DPH-DURG,21.2544,81.5866,833/29UP
DPH-DURG,21.2544,81.5859,833/31UP
DPH-DURG,21.2543,81.5852,833/33UP
DPH-DURG,21.2542,81.5845,834/3UP 
DPH-DURG,21.2541,81.5839,834/5UP 
DPH-DURG,21.2541,81.5832,834/7UP 
DPH-DURG,21.2540,81.5825,834/1UP   
DPH-DURG,21.2539,81.5818,834/13UP
DPH-DURG,21.2539,81.5812,834/17UP
DPH-DURG,21.2538,81.5807,834/21UP
DPH-DURG,21.2537,81.5800,834/25UP
DPH-DURG,21.2537,81.5795,834/29UP
DPH-DURG,21.2536,81.5791,834/31UP
DPH-DURG,21.2535,81.5786,834/35UP
DPH-DURG,21.2535,81.5783,834/35/1UP
DPH-DURG,21.2534,81.5777,834/39AUP
DPH-DURG,21.2534,81.5776,834/39UP
DPH-DURG,21.2534,81.5772,834/41AUP
DPH-DURG,21.2534,81.5768,834/43UP
DPH-DURG,21.2533,81.5763,834/45UP
DPH-DURG,21.2532,81.5758,834/47UP
DPH-DURG,21.2532,81.5752,835/1UP 
DPH-DURG,21.2531,81.5747,835/3NUP
DPH-DURG,21.2530,81.5741,835/3UP 
DPH-DURG,21.2530,81.5735,835/5UP 
DPH-DURG,21.2529,81.5728,835/8UUP
DPH-DURG,21.2529,81.5722,835/10UUP
DPH-DURG,21.2528,81.5717,835/10U/1UP
DPH-DURG,21.2528,81.5712,835/12UUP
DPH-DURG,21.2527,81.5707,835/13UUP
DPH-DURG,21.2527,81.5701,835/15UP
DPH-DURG,21.2526,81.5695,835/17UP
DPH-DURG,21.2525,81.5690,835/19UP
DPH-DURG,21.2525,81.5685,835/21UP
DPH-DURG,21.2524,81.5679,835/23/1UP
DPH-DURG,21.2523,81.5672,835/25UP
DPH-DURG,21.2523,81.5666,835/27UP
DPH-DURG,21.2522,81.5661,835/29UP
DPH-DURG,21.2522,81.5655,835/31UP
DPH-DURG,21.2521,81.5651,836/1UP 
DPH-DURG,21.2521,81.5646,836/3UP 
DPH-DURG,21.2520,81.5640,836/5UP 
DPH-DURG,21.2519,81.5633,836/7UP 
DPH-DURG,21.2519,81.5626,836/9UP 
DPH-DURG,21.2518,81.5619,836/11UP
DPH-DURG,21.2517,81.5612,836/13UP
DPH-DURG,21.2517,81.5605,836/15UP
DPH-DURG,21.2516,81.5598,836/17UP
DPH-DURG,21.2515,81.5592,836/19UP
DPH-DURG,21.2515,81.5585,836/21UP
DPH-DURG,21.2514,81.5578,836/23UP
DPH-DURG,21.2513,81.5571,836/25UP
DPH-DURG,21.2512,81.5564,836/27UP
DPH-DURG,21.2511,81.5557,837/1UP 
DPH-DURG,21.2511,81.5550,837/3UP 
DPH-DURG,21.2510,81.5544,837/5UP 
DPH-DURG,21.2509,81.5537,837/7UP 
DPH-DURG,21.2509,81.5530,837/9UP 
DPH-DURG,21.2508,81.5523,837/11UP
DPH-DURG,21.2507,81.5516,837/13UP
DPH-DURG,21.2506,81.5509,837/15UP
DPH-DURG,21.2506,81.5503,837/17UP
DPH-DURG,21.2505,81.5497,837/19UP
DPH-DURG,21.2504,81.5491,837/21UP
DPH-DURG,21.2504,81.5485,837/23UP
DPH-DURG,21.2504,81.5479,837/25UP
DPH-DURG,21.2504,81.5474,837/27UP
DPH-DURG,21.2504,81.5468,837/29UP
DPH-DURG,21.2504,81.5462,838/1UP 
DPH-DURG,21.2504,81.5456,838/3UP 
DPH-DURG,21.2504,81.5451,838/5UP 
DPH-DURG,21.2503,81.5444,838/7UP 
DPH-DURG,21.2503,81.5438,838/9UP 
DPH-DURG,21.2503,81.5431,838/11UP
DPH-DURG,21.2503,81.5425,838/13UP  
DPH-DURG,21.2503,81.5420,838/15UP  
DPH-DURG,21.2503,81.5414,838/17UP  
DPH-DURG,21.2503,81.5408,838/19UP  
DPH-DURG,21.2503,81.5403,838/21UP  
DPH-DURG,21.2503,81.5398,838/23UP  
DPH-DURG,21.2504,81.5391,838/25UP  
DPH-DURG,21.2504,81.5386,838/27UP  
DPH-DURG,21.2504,81.5379,838/29UP  
DPH-DURG,21.2505,81.5372,839/1UP   
DPH-DURG,21.2505,81.5367,839/3UP   
DPH-DURG,21.2505,81.5360,839/5UP   
DPH-DURG,21.2505,81.5354,839/7UP   
DPH-DURG,21.2505,81.5347,839/11UP  
DPH-DURG,21.2505,81.5341,839/13UP  
DPH-DURG,21.2504,81.5335,839/15UP  
DPH-DURG,21.2503,81.5329,839/17UP  
DPH-DURG,21.2502,81.5323,839/19UP  
DPH-DURG,21.2501,81.5317,839/21UP  
DPH-DURG,21.2500,81.5310,839/23UP  
DPH-DURG,21.2498,81.5304,839/25UP  
DPH-DURG,21.2496,81.5298,840/27UP  
DPH-DURG,21.2494,81.5292,839/29UP  
DPH-DURG,21.2492,81.5286,839/31UP  
DPH-DURG,21.2489,81.5280,839/33UP  
DPH-DURG,21.2486,81.5274,840/1UP   
DPH-DURG,21.2483,81.5267,840/3UP   
DPH-DURG,21.2481,81.5262,840/5UP   
DPH-DURG,21.2478,81.5255,840/7UP   
DPH-DURG,21.2475,81.5249,840/9UP   
DPH-DURG,21.2473,81.5243,840/11UP  
DPH-DURG,21.2470,81.5238,840/13UP  
DPH-DURG,21.2468,81.5232,840/17UP  
DPH-DURG,21.2465,81.5227,840/21NUP 
DPH-DURG,21.2463,81.5222,840/23NUP 
DPH-DURG,21.2462,81.5219,840/23/1UP
DPH-DURG,21.2459,81.5214,840/27UP  
DPH-DURG,21.2458,81.5210,840/29NUP 
DPH-DURG,21.2456,81.5207,840/31UP  
DPH-DURG,21.2454,81.5201,840/33NUP 
DPH-DURG,21.2452,81.5197,840/35NUP 
DPH-DURG,21.2450,81.5191,840/37UP  
DPH-DURG,21.2447,81.5185,841/1UP   
DPH-DURG,21.2444,81.5179,841/3UP   
DPH-DURG,21.2441,81.5173,841/5UP   
DPH-DURG,21.2439,81.5167,841/7UP   
DPH-DURG,21.2437,81.5163,841/9UP   
DPH-DURG,21.2435,81.5158,841/11UP  
DPH-DURG,21.2432,81.5152,841/13UP  
DPH-DURG,21.2429,81.5146,841/15UP  
DPH-DURG,21.2427,81.5140,841/17UP  
DPH-DURG,21.2425,81.5136,841/19NUP 
DPH-DURG,21.2422,81.5131,841/23NUP
DPH-DURG,21.2421,81.5128,841/23UP
DPH-DURG,21.2419,81.5124,841/25UP
DPH-DURG,21.2417,81.5119,841/27UP
DPH-DURG,21.2415,81.5114,841/29UP
DPH-DURG,21.2412,81.5109,841/31UP
DPH-DURG,21.2410,81.5103,841/33NUP
DPH-DURG,21.2408,81.5098,842/1UP 
DPH-DURG,21.2406,81.5094,842/3UP 
DPH-DURG,21.2404,81.5091,842/5NUP
DPH-DURG,21.2402,81.5086,842/5UP 
DPH-DURG,21.2399,81.5080,842/7UP 
DPH-DURG,21.2397,81.5074,842/9UP 
DPH-DURG,21.2394,81.5069,842/11UP
DPH-DURG,21.2392,81.5063,842/13UP
DPH-DURG,21.2389,81.5058,842/15UP
DPH-DURG,21.2386,81.5053,842/17UP
DPH-DURG,21.2383,81.5048,842/19UP
DPH-DURG,21.2380,81.5042,842/21UP
DPH-DURG,21.2376,81.5038,842/23UP
DPH-DURG,21.2373,81.5033,842/25UP
DPH-DURG,21.2369,81.5029,842/27UP
DPH-DURG,21.2365,81.5024,842/29UP
DPH-DURG,21.2361,81.5020,842/31UP
DPH-DURG,21.2357,81.5016,843/1UP 
DPH-DURG,21.2353,81.5011,843/3UP   
DPH-DURG,21.2349,81.5006,843/5UP 
DPH-DURG,21.2344,81.5002,843/7UP 
DPH-DURG,21.2339,81.4997,843/9UP 
DPH-DURG,21.2335,81.4992,843/11UP
DPH-DURG,21.2331,81.4988,843/13UP
DPH-DURG,21.2326,81.4983,84315UP 
DPH-DURG,21.2322,81.4979,843/17UP
DPH-DURG,21.2318,81.4975,843/19UP
DPH-DURG,21.2315,81.4970,843/21UP
DPH-DURG,21.2311,81.4966,843/23UP
DPH-DURG,21.2307,81.4961,843/25UP
DPH-DURG,21.2304,81.4956,843/27UP
DPH-DURG,21.2301,81.4951,843/29UP
DPH-DURG,21.2298,81.4946,844/1UP 
DPH-DURG,21.2295,81.4941,844/3UP 
DPH-DURG,21.2293,81.4936,844/5UP 
DPH-DURG,21.2290,81.4931,844/7UP 
DPH-DURG,21.2287,81.4925,844/9UP 
DPH-DURG,21.2285,81.4919,844/11UP
DPH-DURG,21.2282,81.4912,844/13UP
DPH-DURG,21.2279,81.4906,844/15UP
DPH-DURG,21.2276,81.4900,844/17UP
DPH-DURG,21.2273,81.4894,844/19UP
DPH-DURG,21.2271,81.4887,844/21UP
DPH-DURG,21.2268,81.4881,844/23UP
DPH-DURG,21.2265,81.4875,844/25UP
DPH-DURG,21.2262,81.4869,844/27UP
DPH-DURG,21.2259,81.4862,844/29UP
DPH-DURG,21.2257,81.4856,845/1UP 
DPH-DURG,21.2254,81.4850,845/3UP 
DPH-DURG,21.2251,81.4844,845/5UP 
DPH-DURG,21.2248,81.4837,845/7UP 
DPH-DURG,21.2245,81.4831,845/9UP 
DPH-DURG,21.2242,81.4825,845/11UP
DPH-DURG,21.2240,81.4818,845/13UP
DPH-DURG,21.2237,81.4812,845/15UP
DPH-DURG,21.2234,81.4806,845/17UP
DPH-DURG,21.2231,81.4800,845/19UP
DPH-DURG,21.2229,81.4794,845/21UP
DPH-DURG,21.2226,81.4788,845/23UP
DPH-DURG,21.2223,81.4782,845/25AUP
DPH-DURG,21.2222,81.4778,845/27UP
DPH-DURG,21.2219,81.4773,845/29UP
DPH-DURG,21.2217,81.4769,846/1UP 
DPH-DURG,21.2216,81.4766,846/3UP 
DPH-DURG,21.2214,81.4762,846/5UP 
DPH-DURG,21.2214,81.4760,846/7UP 
DPH-DURG,21.2212,81.4756,846/7UP 
DPH-DURG,21.2209,81.4750,846/9UP 
DPH-DURG,21.2206,81.4744,846/11UP
DPH-DURG,21.2203,81.4737,846/13UP
DPH-DURG,21.2201,81.4731,846/15UP
DPH-DURG,21.2198,81.4725,846/17UP
DPH-DURG,21.2195,81.4719,846/19UP
DPH-DURG,21.2192,81.4712,846/21UP
DPH-DURG,21.2189,81.4706,846/23UP
DPH-DURG,21.2187,81.4700,846/25UP
DPH-DURG,21.2184,81.4694,846/27UP
DPH-DURG,21.2181,81.4687,846/29UP
DPH-DURG,21.2179,81.4682,847/1UP 
DPH-DURG,21.2176,81.4676,847/3UP 
DPH-DURG,21.2173,81.4669,847/5UP 
DPH-DURG,21.2170,81.4663,847/7UP 
DPH-DURG,21.2167,81.4657,847/9UP 
DPH-DURG,21.2165,81.4652,847/11UP
DPH-DURG,21.2163,81.4648,847/11/1UP
DPH-DURG,21.2161,81.4643,847/13UP
DPH-DURG,21.2159,81.4637,847/15UP
DPH-DURG,21.2157,81.4633,847/17UP
DPH-DURG,21.2154,81.4627,847/19UP
DPH-DURG,21.2151,81.4621,847/21UP
DPH-DURG,21.2148,81.4615,847/23UP
DPH-DURG,21.2146,81.4608,847/25UP
DPH-DURG,21.2142,81.4602,847/27UP
DPH-DURG,21.2140,81.4597,848/1UP 
DPH-DURG,21.2137,81.4590,848/3UP 
DPH-DURG,21.2135,81.4584,848/5UP 
DPH-DURG,21.2132,81.4579,848/7UP 
DPH-DURG,21.2130,81.4574,848/9AUP  
DPH-DURG,21.2128,81.4570,848/11UP
DPH-DURG,21.2126,81.4566,848/13UP
DPH-DURG,21.2125,81.4561,848/15UP
DPH-DURG,21.2122,81.4556,848/17UP
DPH-DURG,21.2120,81.4552,848/19UP
DPH-DURG,21.2119,81.4549,848/19AUP
DPH-DURG,21.2117,81.4544,848/21UP
DPH-DURG,21.2115,81.4539,848/23UP
DPH-DURG,21.2113,81.4534,848/25UP
DPH-DURG,21.2111,81.4528,848/27UP
DPH-DURG,21.2109,81.4522,848/29UP
DPH-DURG,21.2107,81.4517,848/31UP
DPH-DURG,21.2106,81.4510,848/33UP
DPH-DURG,21.2105,81.4506,849/1UP 
DPH-DURG,21.2104,81.4500,849/3UP 
DPH-DURG,21.2103,81.4494,849/5UP 
DPH-DURG,21.2102,81.4488,849/7UP 
DPH-DURG,21.2102,81.4481,849/9UP 
DPH-DURG,21.2101,81.4474,849/11UP
DPH-DURG,21.2101,81.4467,849/13UP
DPH-DURG,21.2100,81.4460,849/15UP
DPH-DURG,21.2099,81.4453,849/17UP
DPH-DURG,21.2099,81.4446,849/19UP
DPH-DURG,21.2098,81.4440,849/21UP
DPH-DURG,21.2098,81.4436,849/23UP
DPH-DURG,21.2097,81.4431,849/25UP
DPH-DURG,21.2097,81.4427,849/27UP
DPH-DURG,21.2096,81.4421,849/29UP
DPH-DURG,21.2095,81.4415,849/31UP
DPH-DURG,21.2094,81.4409,850/1UP 
DPH-DURG,21.2093,81.4403,850/1AUP
DPH-DURG,21.2091,81.4397,850/3UP 
DPH-DURG,21.2089,81.4391,850/5UP 
DPH-DURG,21.2087,81.4386,850/7UP 
DPH-DURG,21.2086,81.4381,850/9UP 
DPH-DURG,21.2084,81.4376,850/11UP
DPH-DURG,21.2081,81.4370,850/13UP
DPH-DURG,21.2078,81.4364,850/15UP
DPH-DURG,21.2075,81.4358,850/17UP
DPH-DURG,21.2073,81.4351,850/19UP
DPH-DURG,21.2070,81.4346,850/19/1UP
DPH-DURG,21.2067,81.4339,850/21UP
DPH-DURG,21.2065,81.4333,850/23UP
DPH-DURG,21.2062,81.4327,850/25UP
DPH-DURG,21.2059,81.4321,851/1UP 
DPH-DURG,21.2056,81.4314,851/3UP 
DPH-DURG,21.2053,81.4308,851/5UP 
DPH-DURG,21.2051,81.4302,851/7UP 
DPH-DURG,21.2048,81.4296,851/9UP 
DPH-DURG,21.2045,81.4291,851/11NUP
DPH-DURG,21.2044,81.4288,851/13NUP
DPH-DURG,21.2043,81.4285,851/13N1UP
DPH-DURG,21.2042,81.4282,851/15NUP
DPH-DURG,21.2041,81.4280,851/15N/1UP
DPH-DURG,21.2039,81.4275,851/17/1UP
DPH-DURG,21.2036,81.4271,851/19/NUP
DPH-DURG,21.2034,81.4266,851/21NUP
DPH-DURG,21.2032,81.4262,851/23UP
DPH-DURG,21.2031,81.4258,851/25UP
DPH-DURG,21.2030,81.4254,851/27UP
DPH-DURG,21.2028,81.4250,851/29UP
DPH-DURG,21.2027,81.4245,851/31UP
DPH-DURG,21.2027,81.4240,851/33UP
DPH-DURG,21.2026,81.4235,851/35UP
DPH-DURG,21.2026,81.4230,852/1UP 
DPH-DURG,21.2026,81.4226,852/3UP 
DPH-DURG,21.2026,81.4221,852/5UP 
DPH-DURG,21.2027,81.4215,852/7UP 
DPH-DURG,21.2027,81.4211,852/9UP 
DPH-DURG,21.2028,81.4205,852/11UP
DPH-DURG,21.2029,81.4198,852/13UP
DPH-DURG,21.2030,81.4192,852/15UP
DPH-DURG,21.2030,81.4186,852/17UP
DPH-DURG,21.2031,81.4181,852/19UP
DPH-DURG,21.2032,81.4176,852/21AUP
DPH-DURG,21.2032,81.4171,852/23AUP 
DPH-DURG,21.2033,81.4166,852/25AUP
DPH-DURG,21.2033,81.4162,852/27UP
DPH-DURG,21.2034,81.4157,852/29UP
DPH-DURG,21.2034,81.4154,852/29UP
DPH-DURG,21.2035,81.4148,852/31NUP
DPH-DURG,21.2035,81.4144,852/33NUP
DPH-DURG,21.2036,81.4139,852/35NUP
DPH-DURG,21.2036,81.4134,852/35N/1UP
DPH-DURG,21.2037,81.4130,853/1NUP
DPH-DURG,21.2037,81.4126,853/3AUP
DPH-DURG,21.2038,81.4118,853/5UP 
DPH-DURG,21.2039,81.4111,853/7UP 
DPH-DURG,21.2040,81.4105,853/9UP 
DPH-DURG,21.2041,81.4098,853/11UP  
DPH-DURG,21.2041,81.4092,853/13UP
DPH-DURG,21.2042,81.4085,853/15UP
DPH-DURG,21.2043,81.4078,853/17UP
DPH-DURG,21.2044,81.4071,853/19UP
DPH-DURG,21.2045,81.4064,853/21UP
DPH-DURG,21.2046,81.4057,853/23UP
DPH-DURG,21.2046,81.4050,853/25UP
DPH-DURG,21.2047,81.4044,854/1AUP
DPH-DURG,21.2048,81.4037,854/3AUP
DPH-DURG,21.2048,81.4032,854/5NUP
DPH-DURG,21.2049,81.4026,854/7AUP
DPH-DURG,21.2049,81.4022,854/9NUP
DPH-DURG,21.2050,81.4017,854/9AUP
DPH-DURG,21.2050,81.4011,854/9A/1UP
DPH-DURG,21.2051,81.4004,854/11AUP
DPH-DURG,21.2052,81.3998,854/13AUP
DPH-DURG,21.2053,81.3991,85415AUP
DPH-DURG,21.2053,81.3985,854/17AUP
DPH-DURG,21.2054,81.3979,854/19AUP
DPH-DURG,21.2055,81.3972,854/21AUP
DPH-DURG,21.2056,81.3966,854/23AUP
DPH-DURG,21.2057,81.3959,854/25AUP
DPH-DURG,21.2057,81.3953,854/27AUP
DPH-DURG,21.2058,81.3946,855/1AUP
DPH-DURG,21.2059,81.3941,855/3AUP
DPH-DURG,21.2059,81.3936,855/5AUP
DPH-DURG,21.2060,81.3931,855/7AUP
DPH-DURG,21.2061,81.3925,855/9/1UP
DPH-DURG,21.2061,81.3921,855/9AUP
DPH-DURG,21.2062,81.3916,855/11AUP
DPH-DURG,21.2063,81.3909,855/13AUP
DPH-DURG,21.2063,81.3903,855/15AUP
DPH-DURG,21.2064,81.3896,855/17AUP
DPH-DURG,21.2065,81.3890,855/19AUP
DPH-DURG,21.2065,81.3884,855/21AUP
DPH-DURG,21.2066,81.3878,855/23AUP
DPH-DURG,21.2067,81.3872,855/25AUP
DPH-DURG,21.2068,81.3865,855/27AUP
DPH-DURG,21.2068,81.3858,856/1AUP
DPH-DURG,21.2069,81.3852,856/1A/1UP
DPH-DURG,21.2070,81.3846,856/3A/1UP
DPH-DURG,21.2071,81.3839,856/5AUP
DPH-DURG,21.2071,81.3833,856/7AUP
DPH-DURG,21.2072,81.3827,856/9AUP
DPH-DURG,21.2073,81.3821,856/11AUP 
DPH-DURG,21.2073,81.3815,856/13AU
DPH-DURG,21.2074,81.3809,856/15A/1UP
DPH-DURG,21.2075,81.3803,856/15AU
DPH-DURG,21.2075,81.3797,856/17AU
DPH-DURG,21.2076,81.3790,856/19AU
DPH-DURG,21.2077,81.3784,856/21AU
DPH-DURG,21.2077,81.3778,856/23AU
DPH-DURG,21.2078,81.3771,856/25AU
DPH-DURG,21.2079,81.3765,856/27AU
DPH-DURG,21.2079,81.3758,856/29AU
DPH-DURG,21.2080,81.3753,856/31AU
DPH-DURG,21.2081,81.3747,857/1AUP
DPH-DURG,21.2081,81.3742,857/3AUP
DPH-DURG,21.2082,81.3736,857/5AUP
DPH-DURG,21.2082,81.3730,857/7AUP
DPH-DURG,21.2082,81.3725,857/9AUP
DPH-DURG,21.2081,81.3720,857/11AUP
DPH-DURG,21.2081,81.3713,857/13AUP
DPH-DURG,21.2081,81.3707,857/15AUP
DPH-DURG,21.2080,81.3701,857/17AUP
DPH-DURG,21.2079,81.3695,857/19AUP
DPH-DURG,21.2078,81.3689,857/21AUP
DPH-DURG,21.2077,81.3683,857/23AUP
DPH-DURG,21.2075,81.3676,857/25AUP
DPH-DURG,21.2074,81.3670,857/27AUP
DPH-DURG,21.2073,81.3665,857/29AUP
DPH-DURG,21.2072,81.3658,857/31AUP
DPH-DURG,21.2070,81.3652,858/1A/1UP
DPH-DURG,21.2069,81.3645,858/3AUP
DPH-DURG,21.2068,81.3639,858/5AUP
DPH-DURG,21.2067,81.3634,858/7AUP
DPH-DURG,21.2066,81.3627,858/9AUP
DPH-DURG,21.2064,81.3621,858/11AUP
DPH-DURG,21.2063,81.3614,858/13AUP
DPH-DURG,21.2062,81.3608,858/15AUP
DPH-DURG,21.2061,81.3601,858/17AUP
DPH-DURG,21.2059,81.3595,858/17A/UP
DPH-DURG,21.2059,81.3591,858/19AUP
DPH-DURG,21.2058,81.3586,858/19A/UP
DPH-DURG,21.2057,81.3581,858/21AUP
DPH-DURG,21.2056,81.3576,858/23AUP
DPH-DURG,21.2054,81.3570,858/25AUP
DPH-DURG,21.2053,81.3563,858/27AUP
DPH-DURG,21.2052,81.3557,859/1AUP
DPH-DURG,21.2051,81.3552,859/1A/1UP
DPH-DURG,21.2049,81.3545,859/5AUP
DPH-DURG,21.2048,81.3539,859/7AUP
DPH-DURG,21.2047,81.3533,859/9AUP
DPH-DURG,21.2046,81.3526,859/11AUP
DPH-DURG,21.2045,81.3520,859/13AUP
DPH-DURG,21.2043,81.3514,859/13A/1UP
DPH-DURG,21.2042,81.3508,859/15AUP
DPH-DURG,21.2041,81.3503,859/17AUP
DPH-DURG,21.2040,81.3498,859/17A/1UP
DPH-DURG,21.2039,81.3492,859/19AUP
DPH-DURG,21.2038,81.3487,859/21AUP
DPH-DURG,21.2037,81.3482,859/23AUP
DPH-DURG,21.2036,81.3477,859/25NUP
DPH-DURG,21.2035,81.3470,859/27NUP
DPH-DURG,21.2034,81.3464,860/1UP 
DPH-DURG,21.2033,81.3458,860/3UP 
DPH-DURG,21.2031,81.3452,860/5NUP
DPH-DURG,21.2031,81.3450,860/5UP 
DPH-DURG,21.2030,81.3444,860/7UP 
DPH-DURG,21.2029,81.3439,860/9UP 
DPH-DURG,21.2028,81.3434,860/11UP
DPH-DURG,21.2027,81.3431,860/13UP
DPH-DURG,21.2026,81.3426,860/15UP
DPH-DURG,21.2026,81.3422,860/17UP
DPH-DURG,21.2025,81.3420,860/19UP
DPH-DURG,21.2024,81.3416,860/19/1UP
DPH-DURG,21.2023,81.3411,860/21UP
DPH-DURG,21.2022,81.3406,860/23NU
DPH-DURG,21.2022,81.3402,860/23N/1UP
DPH-DURG,21.2021,81.3398,860/25NUP
DPH-DURG,21.2020,81.3392,860/27UP
DPH-DURG,21.2019,81.3388,860/27N/1UP
DPH-DURG,21.2018,81.3383,860/29UP
DPH-DURG,21.2017,81.3378,860/31UP
DPH-DURG,21.2016,81.3373,861/1UP 
DPH-DURG,21.2015,81.3369,861/3UP 
DPH-DURG,21.2014,81.3363,861/5UP 
DPH-DURG,21.2013,81.3359,861/7UP 
DPH-DURG,21.2012,81.3352,861/9UP 
DPH-DURG,21.2010,81.3345,861/11UP
DPH-DURG,21.2009,81.3339,861/13UP
DPH-DURG,21.2008,81.3332,861/15UP
DPH-DURG,21.2007,81.3326,861/17UP
DPH-DURG,21.2006,81.3321,861/19UP
DPH-DURG,21.2005,81.3316,861/21UP
DPH-DURG,21.2004,81.3312,861/23NUP
DPH-DURG,21.2003,81.3308,861/23N/1UP
DPH-DURG,21.2002,81.3304,861/25/1
DPH-DURG,21.2002,81.3299,861/25NUP
DPH-DURG,21.2001,81.3294,861/27NUP
DPH-DURG,21.2000,81.3289,861/29UP
DPH-DURG,21.1998,81.3283,861/31/1UP
DPH-DURG,21.1998,81.3282,861/31UP
DPH-DURG,21.1998,81.3279,861/31AUP
DPH-DURG,21.1996,81.3273,862/1UP 
DPH-DURG,21.1996,81.3268,862/3UP 
DPH-DURG,21.1994,81.3261,862/5UP 
DPH-DURG,21.1993,81.3255,862/7UP 
DPH-DURG,21.1992,81.3248,862/9UP 
DPH-DURG,21.1991,81.3242,862/11UP
DPH-DURG,21.1990,81.3235,862/13UP
DPH-DURG,21.1988,81.3228,862/15UP
DPH-DURG,21.1986,81.3221,862/17UP
DPH-DURG,21.1985,81.3214,862/19UP
DPH-DURG,21.1983,81.3208,862/21UP
DPH-DURG,21.1982,81.3201,862/23UP
DPH-DURG,21.1981,81.3194,862/25UP
DPH-DURG,21.1980,81.3187,863/1UP 
DPH-DURG,21.1978,81.3181,863/3UP 
DPH-DURG,21.1977,81.3175,863/5UP 
DPH-DURG,21.1976,81.3168,863/7UP 
DPH-DURG,21.1974,81.3161,863/9UP 
DPH-DURG,21.1973,81.3154,863/11UP
DPH-DURG,21.1972,81.3148,863/13UP
DPH-DURG,21.1970,81.3141,863/15UP
DPH-DURG,21.1969,81.3134,863/17UP
DPH-DURG,21.1968,81.3127,863/19UP
DPH-DURG,21.1966,81.3120,863/21UP
DPH-DURG,21.1965,81.3114,863/23UP
DPH-DURG,21.1964,81.3107,863/25UP
DPH-DURG,21.1962,81.3100,863/27UP
DPH-DURG,21.1961,81.3093,863/29UP
DPH-DURG,21.1960,81.3087,864/1UP 
DPH-DURG,21.1959,81.3081,864/3UP 
DPH-DURG,21.1958,81.3076,864/5UP 
DPH-DURG,21.1957,81.3071,864/7UP 
DPH-DURG,21.1957,81.3066,864/9UP 
DPH-DURG,21.1957,81.3061,864/11UP
DPH-DURG,21.1957,81.3057,864/13UP
DPH-DURG,21.1957,81.3052,864/15UP
DPH-DURG,21.1958,81.3048,864/17UP
DPH-DURG,21.1958,81.3044,864/19NU
DPH-DURG,21.1959,81.3040,864/21NUP
DPH-DURG,21.1960,81.3036,864/23NUP
DPH-DURG,21.1961,81.3032,864/25UP
DPH-DURG,21.1963,81.3028,864/27UP
DPH-DURG,21.1964,81.3023,864/27NUP
DPH-DURG,21.1966,81.3019,864/29UP
DPH-DURG,21.1968,81.3013,864/31NUP
DPH-DURG,21.1970,81.3008,864/33UP  
DPH-DURG,21.1971,81.3004,864/35UP
DPH-DURG,21.1973,81.2999,864/37UP
DPH-DURG,21.1974,81.2995,865/1UP 
DPH-DURG,21.1976,81.2990,865/3UP 
DPH-DURG,21.1977,81.2986,865/5UP 
DPH-DURG,21.1979,81.2981,865/9UP 
DPH-DURG,21.1981,81.2976,86/11/1UP
DPH-DURG,21.1982,81.2973,865/13UP
DPH-DURG,21.1984,81.2969,865/17UP
DPH-DURG,21.1985,81.2965,865/19UP
DPH-DURG,21.1987,81.2960,865/21UP
DPH-DURG,21.1988,81.2956,865/23UP
DPH-DURG,21.1990,81.2951,865/25UP
DPH-DURG,21.1991,81.2948,865/27NUP
DPH-DURG,21.1992,81.2944,865/27UP
DPH-DURG,21.1993,81.2940,865/29UP
DPH-DURG,21.1994,81.2937,865/31UP
DPH-DURG,21.1995,81.2934,865/33UP
DPH-DURG,21.1997,81.2929,865/34UP
DPH-DURG,21.1998,81.2925,865/37UP
DPH-DURG,21.1999,81.2922,865/39UP
DPH-DURG,21.2002,81.2915,865/41UP
DPH-DURG,21.2004,81.2909,865/45UP
DPH-DURG,21.2006,81.2902,866/1UP 
DPH-DURG,21.2008,81.2897,866/3UP 
DPH-DURG,21.2010,81.2894,866/5UP 
DPH-DURG,21.2011,81.2891,866/7UP 
DPH-DURG,21.2012,81.2888,866/9UP 
DPH-DURG,21.2014,81.2885,866/11UP
DPH-DURG,21.2015,81.2882,866/13UP
DPH-DURG,21.2016,81.2878,866/15UP
DPH-DURG,21.2018,81.2873,866/17UP
DPH-DURG,21.2019,81.2870,866/19UP
DPH-DURG,21.2020,81.2867,866/21UP
DPH-DURG,21.2022,81.2864,866/23UP
DPH-DURG,21.2022,81.2862,866/23AUP
DPH-DURG,21.2024,81.2857,866/25AUP
DPH-DURG,21.2026,81.2852,866/27UP
DPH-DURG,21.2028,81.2847,866/29UP
DPH-DURG,21.2030,81.2841,866/31UP
